StringID,English_Translator,Screenshot,Notes,English,ChineseTrad,ChineseSimp,Japanese,Korean,Danish,Dutch,French,German,Italian,Norwegian,Russian,Spanish,Swedish,Turkish,Portuguese
ACTIVE_SKILL_NAME_TapBoost,Fire Sword,ActiveSkillPanel.png,,Fire Sword,火焰之劍,火焰之剑,炎の剣,화염의 검,Ildsværd,Vuurzwaard,Épée de feu,Feuerschwert,Spada di fuoco,Ildsverd,Огненный меч,Espada de fuego,Eldsvärd,Ateş Kılıcı,Espada de Fogo
ACTIVE_SKILL_NAME_ShadowClone,Shadow Clone,,,Shadow Clone,影分身術,影分身术,影分身,그림자 분신술,Skyggeklon,Schaduwkloon,Clone de l'ombre,Schattenklon,Clone oscuro,Skyggeklone,Теневой клон,Clon de sombra,Skuggklon,Gölge Klon,Sombra Clone
ACTIVE_SKILL_NAME_BurstDamage,Heavenly Strike,,,Heavenly Strike,天堂聖擊,天堂圣击,天空落とし,하늘의 공격,Hemmeligt slag,Hemelse klap,Frappe céleste,Himmlischer Schlag,Attacco celestiale,Himmelsk angrep,Небесный удар,Golpe celestial,Himmelskt slag,Cennet Vuruşu,Ataque celestial
ACTIVE_SKILL_NAME_HelperBoost,War Cry,,,War Cry,戰嚎,战嚎,雄叫び,고함,Krigskald,Strijdkreet,Cri de guerre,Kriegsschrei,Grido di guerra,Krigsrop,Боевой клич,Grito de guerra,Krigsrop,Savaş Narası,Guerra
ACTIVE_SKILL_NAME_CritBoost,Critical Strike,,,Critical Strike,重擊出擊,重击出击,クリティカル攻撃,크리티컬 스트라이크,Kritisk slag,Kritieke klap,Frappe critique,Kritischer Treffer,Attacco critico,Kritisk angrep,Критический удар,Golpe crítico,Avgörande slag,Kritik Darbe,Ataque crítico
ACTIVE_SKILL_NAME_HandOfMidas,Hand of Midas,,,Hand of Midas,米達斯之手,米达斯之手,ミダスの手,마이더스의 손,Midas' hånd,Hand van Midas,Main de Midas,Hand des Midas,Mano di Mida,Midas' hånd,Рука Мидаса,Mano de Midas,Midas hand,Midas'ın Eli,Mão de Midas
TALENT_ENGAGED_PETQTE,Pet: Lightning Burst,,,Pet: Lightning Burst,寵物：雷電爆破,宠物：闪电爆发,ペット：ライトニングバースト,소환수: 번개 폭발,Kæledyr: Lyn-udbrud,Huisdier: Lichtflits,Familier : Décharge de foudre,Tier: Blitzstoß,Animale: Esplosione di fulmine,Kjæledyr: Tordenbrak,Питомец: Взрыв молний,Mascota: Estallido eléctrico,Djur: Blixtbristning,Hayvan: Yıldırım Patlaması,Pet: Rajada de Raio
TALENT_ENGAGED_PETQTEBOSS,Pet: Flash Zip,,,Pet: Flash Zip,寵物：閃電瞬移,宠物：闪电穿梭,ペット：フラッシュジップ,소환수:급상승,Kæledyr:Lyn-hvislen,Huisdier:Flitsflats,Familier :Attaque en piqué,Tier:Blitzzischen,Animale:Lampo saettante,Kjæledyr:Lynangrep,Питомец:Вспышка молнии,Mascota:Tirolina relámpago,Djur:Snabblixt,Hayvan:Hızır Vınn,Pet:Flash Zip
TALENT_ENGAGED_PETGOLD,Pet: Heart of Midas,,,Pet: Heart of Midas,寵物：米達斯之心,宠物：米达斯之心,ペット：ミダスのハート,소환수:미다스의 심장,Kæledyr:Midas' hjerte,Huisdier:Hart van Midas,Familier :Cœur de Midas,Tier:Herz von Midas,Animale:Cuore di Mida,Kjæledyr:Midas' hjerte,Питомец:Сердце Мидаса,Mascota:Corazón de Midas,Djur:Midas hjärta,Hayvan:Midas'ın Kalbi,Pet:Coração de Midas
TALENT_ENGAGED_PETCOUNT,Pet: Dynamic Zoom,,,Pet: Dynamic Zoom,寵物：動態瞄準,宠物：活力疾行,ペット：ダイナミックズーム,소환수:다이나믹 줌,Kæledyr:Dynamisk zoom,Huisdier:Dynamisch inzoomen,Familier :Zoom dynamique,Tier:Dynamikzoom,Animale:Zoom dinamico,Kjæledyr:Dynamisk zoom,Питомец:Молниеносная скорость,Mascota:Agilidad mental,Djur:Dynamisk zoom,Hayvan:Dinamik Zum,Pet:Zoom Dinâmico
TALENT_ENGAGED_GOBLIN,Goblin Mountain,,,Goblin Mountain,哥布林山脈,地精山峰,ゴブリンマウンテン,고블린 산,Goblinbjerget,De koboldberg,Montagne des gobelins,Koboldberg,Montagna goblin,Nissefjellet,Гоблинская гора,Montaña de trasgos,Svartalfsberget,Goblin Dağı,Montanha dos Goblins
TALENT_ENGAGED_FAIRY,Fairyland,,,Fairyland,精靈王國,仙界,フェアリーランド,요정 왕국,Feland,Feeënland,Pays des fées,Feenland,Terra delle fate,Alveland,Страна фей,País de las hadas,Älvelandet,Peri Ülkesi,Terra das Fadas
TALENT_ENGAGED_HELPERQTE,Ultra Heroes,,,Ultra Heroes,終極英雄,终极英雄,ウルトラヒーロー,울트라 영웅,Ultra-helte,Ultrahelden,Ultra-héros,Ultrahelden,Ultra eroi,Ultrahelter,Великолепие,Ultrahéroes,Ultrahjältar,Ultra Kahramanlar,Ultra Heróis
TALENT_ENGAGED_BOSSTIMER,Time Distortion,,,Time Distortion,時間扭曲,时间扭曲,時間のひずみ,시간 왜곡,Tidsforvrænger,Tijdvervorming,Distorsion temporelle,Zeitstörung,Distorsione temporale,Tidsforskyvning,Искажение времени,Distorsión temporal,Tidsförvrängning,Zaman Bozulması,Distorção do Tempo
TALENT_ENGAGED_CLANQTE,Summon Help,,,Summon Help,召喚幫手,召唤帮助,助っ人召喚,원군 소환,Hidkald hjælp,Hulp oproepen,Demande d'aide,Hilfe herbeirufen,Richiama aiuto,Tilkalle hjelp,Призыв помощи,Ayuda de invocación,Åkalla hjälp,Yardım Çağır,Invocar Ajuda
TALENT_ENGAGED_HELPERCOUNT,Mighty Power,,,Mighty Power,強大力量,强大力量,大いなる力,강력한 힘,Mægtig kraft,Machtige kracht,Super pouvoir,Mächtige Kraft,Potenza incredibile,Mektig kraft,Могущество,Poder absoluto,Mäktig kraft,Ulu Güç,Poder Impetuoso
TALENT_LAZY_OFFLINEG,Gold Splitter,,,Gold Splitter,黃金分配器,黄金分裂器,ゴールド増殖術,골드 배급자,Guldsplitter,Goudsplitser,Répartiteur d'or,Goldteiler,Dividi-oro,Gullsplitter,Золотоискатель,Divisor de oro,Guldklyvare,Altın Ayırıcı,Divisor de Ouro
TALENT_LAZY_MELEE,Stronger Arms,,,Stronger Arms,強壯手臂,更强手臂,腕力強化,강력한 팔,Stærkere arme,Sterkere wapens,Bras plus forts,Stärkere Arme,Braccia più forti,Sterkere armer,Сильные руки,Brazos fuertes,Starkare armar,Daha Güçlü Kollar,Braços mais fortes
TALENT_LAZY_PETDMG,Pet Evolution,,,Pet Evolution,寵物進化,宠物进化,ペット進化,소환수 진화,Kæledyrsudvikling,Huisdierevolutie,Évolution des familiers,Tierevolution,Evoluzione animale,Kjæledyrrevolusjon,Эволюция питомца,Evolución de mascota,Djurutveckling,Hayvan Evrimi,Evolução de Pet
TALENT_LAZY_SPELL,Hyper Magic,,,Hyper Magic,高強魔法,超级魔法,超呪文,하이퍼 매직,Hyper-magi,Hypermagie,Hypermagie,Hypermagie,Ipermagia,Hypermagi,Гипермагия,Hipermagia,Hypermagi,Hiper Büyü,Hipermágica
TALENT_LAZY_GOLDRATE,Raining Gold,,,Raining Gold,黃金雨,天降黄金,黄金の雨,쏟아지는 골드,Guldregn,Goudregen,Pluie d'or,Goldregen,Piove oro,Gullregn,Золотой дождь,Lluvia de monedas,Guldregn,Altın Yağmuru,Chuva de Ouro
TALENT_LAZY_RANGE,Pinpoint Accuracy,,,Pinpoint Accuracy,精確準度,全面精准,ピンポイント攻撃,정밀한 정확도,Umådelig præcision,Extreme precisie,Précision d'horloger,Zielpräzision,Precisione perfetta,Millimeterpresisjon,Наивысшая точность,Precisión milimétrica,Nålfin precision,Tam İsabet,Precisão Cirúrgica
TALENT_LAZY_MONSTERCOUNT,Intimidating Presence,,,Intimidating Presence,威嚇現身,威吓存在,威圧感,두려운 존재,Skræmmende tilstedeværelse,Intimiderende aanwezigheid,Présence intimidante,Einschüchternde Präsenz,Presenza sinistra,Farlig nærvær,Гроза титанов,Presencia intimidatoria,Avskräckande närvaro,Göz Korkutucu Varlık,Presença Intimidadora
TALENT_LAZY_MULTIMON,Titan Family,,,Titan Family,巨人家族,巨人家族,タイタン一族,타이탄 일족,Titanfamilie,Titanenfamilie,Famille titanesque,Titanenfamilie,Famiglia titanica,Titanfamilien,Семейство титанов,Familia de titanes,Titanfamilj,Titan Ailesi,Família de Titãs
TALENT_LAZY_AUTOADV,Silent March,,,Silent March,沉默進軍,无声行进,沈黙の行進,침묵의 행군,Stille march,Stille mars,Marche silencieuse,Schweigemarsch,Marcia silenziosa,Stille marsj,Тихий марш,Desfile silencioso,Tyst marsch,Sessiz Yürüyüş,Marcha Silenciosa
TALENT_LAZY_SPLASH,Extended Reach,,,Extended Reach,擴大範圍,扩展触及,リーチ延長,늘어난 사거리,Forlænget rækkevidde,Verlengd bereik,Portée allongée,Erweiterte Reichweite,Portata estesa,Økt rekkevidde,Широкий размах,Mayor alcance,Utökad räckvidd,Genişletilmiş Mesafe,Alcance Estendido
TALENT_LAZY_PETDMGOFFLINE,Pet: Stealth,,,Pet: Stealth,寵物：潛行,宠物：潜行,ペット：ステルス,소환수:은신,Kæledyr:Skjult,Huisdier:Heimelijkheid,Familier :Furtivité,Tier:Tarnung,Animale:Furtività,Kjæledyr:Skjult,Питомец:Незаметность,Mascota:Sigilo,Djur:Kamouflage,Hayvan:Gizlilik,Pet:Furtividade
TALENT_ACTIVE_BURST,Magic Fusion,,,Magic Fusion,魔法融合,魔法聚变,マジックフュージョン,마법 융합,Magisk fusion,Magiefusie,Fusion magique,Zauberfusion,Fusione magica,Magisk fusjon,Магический синтез,Fusión mágica,Magisk fusion,Büyülü Karışım,Fusão Mágica
TALENT_ACTIVE_FIRETAP,Flame Touch,,,Flame Touch,火焰撫觸,火焰之触,炎の接触,불의 손길,Flammeberøring,Vurige aanraking,Toucher ardent,Flammenberührung,Tocco infuocato,Flammestrøk,Касание пламени,Toque ígneo,Eldberöring,Alevli Dokunuş,Toque de Chamas
TALENT_ACTIVE_MPREGEN,Magic Well,,,Magic Well,魔法高手,魔法之井,魔法の泉,마법의 샘,Magisk brønd,Magische bron,Puits magique,Zauberbrunnen,Pozzo magico,Ønskebrønn,Колодец магии,Pozo mágico,Magisk brunn,Büyülü Kuyu,Poço Mágico
TALENT_ACTIVE_HELPER,Heroic Might,,,Heroic Might,英雄威力,英雄之威,英雄的な力,영웅의 힘,Heltemodig magt,Heroïsche macht,Puissance héroïque,Heldenmacht,Forza eroica,Heroisk makt,Героическая мощь,Poder heroico,Heroisk makt,Kahramanca Kuvvet,Ímpeto Heroico
TALENT_ACTIVE_MPCAP,Mana Limit Break,,,Mana Limit Break,魔力界限突破,法力限制突破,マナ上限解放,마나 한계 초월,Manna-grænsebrud,Mana-limietpauze,Affinité magique,Manalimit-Brecher,Superamento limite mana,Managrensesprengende,Мана без границ,Límite absoluto de maná,Gränsöverskridande mana,Mana Sınırı Kırılması,Quebra de Limite de Mana
TALENT_ACTIVE_MIDAS,Midas Ultimate,,,Midas Ultimate,米達斯極限,终极米达斯,ミダスの奥義,미다스의 경지,Ultimativ Midas,Ultieme Midas,Attaque ultime de Midas,Midas-Überkraft,Potere finale di Mida,Ultimate Midas,Величие Мидаса,Poder definitivo de Midas,Ultimat Midas,Süper Midas,Midas Definitivo
TALENT_ACTIVE_MPSTEAL,Mana Siphon,,,Mana Siphon,魔力抽取,法力虹吸,マナ吸引,마나 흡수,Manna-dræn,Mana-sifon,Siphon de mana,Manaentzug,Risucchio di mana,Manasifong,Сифон маны,Drenaje de maná,Manatappning,Mana Hortumu,Sifão de Mana
TALENT_ACTIVE_CRITBOOST,Lightning Strike,,,Lightning Strike,閃電雷擊,闪电攻击,ライトニングストライク,전광석화 공격,Lynnedslag,Bliksemflits,Frappe foudroyante,Blitzschlag,Fulmine,Lynnedslag,Удар молнии,Golpe relámpago,Blixtslag,Yıldırım Vuruşu,Golpe de Raio
TALENT_ACTIVE_CLONE,Shadow Clone,,,Shadow Clone,闇影複製人,暗影克隆,影分身,그림자 클론,Skyggeklon,Schaduwkloon,Clone des ombres,Schattenklon,Clone d'ombra,Skyggekloning,Теневой клон,Clon sombrío,Skuggklon,Gölge Klon,Clone das Sombras
TALENT_ACTIVE_MPMONSTER,Manni Mana,,,Manni Mana,魔力瑪尼,曼尼马纳,マンニマナ,매니 마나,Manni-manna,Manni Mana,Manni Mana,Manni-Mana,Manni Mana,Manni-Mana,Мэнни Мана,Manni Maná,Manni Mana,Manni Mana,Manni Mana
ARTIFACT_NAME_Artifact1,Heroic Shield,,GoldBoss,Heroic Shield,英雄護盾,英勇之盾,英雄の盾,영웅의 방패,Heroisk skjold,Heroïsch schild,Bouclier héroïque,Heldenschild,Scudo eroico,Heroisk skjold,Щит героя,Escudo heroico,Hjältesköld,Kahramanca Kalkan,Escudo Heroico
ARTIFACT_NAME_Artifact2,Stone of the Valrunes ,,GoldMonster,Stone of the Valrunes,瓦魯涅斯之石,瓦如恩之石,ヴァルリューンズの石,발룬의 돌,Valrunernes sten,Steen van de Valrunen,Pierre des Valrunes,Stein der Valrunes,Pietra delle Valrune,Valrunenes stein,Камень валрунов,Piedra de los valrunes,Valrunas sten,Valrune Taşı,Pedra dos Valrunes
ARTIFACT_NAME_Artifact3,The Arcana Cloak ,,BossHP,The Arcana Cloak,奧秘斗篷,奥秘斗篷,アルカナの外套,아카나 망토,Arcana-kappen,De Arcanas-mantel,Cape des arcanes,Der Arcana-Mantel,Il mantello dell'arcano,Arcana-kappen,Арканный плащ,Manto arcano,Mystikmantel,Arcana Pelerini,A Capa Arcana
ARTIFACT_NAME_Artifact4,Axe of Muerte ,,CritChance,Axe of Muerte,死亡之斧,死亡之斧,ムエルテの斧,죽음의 도끼,Muertes økse,Bijl van Muerte,Hache de la Muerte,Axt von Muerte,Ascia di Muerte,Muerte-øks,Топор Умерто,Hacha de la muerte,Dödens yxa,Muerte Baltası,Machado de la Muerte
ARTIFACT_NAME_Artifact5,Invader's Shield ,,DoubleFairyChance,Invader's Shield,入侵者之盾,入侵者之盾,侵略者の盾,침략자의 방패,Angribers skjold,Invasieschild,Bouclier de l'envahisseur,Angreiferschild,Scudo dell'invasore,Invasjonsskjold,Щит захватчика,Escudo de invasor,Inkräktarsköld,İşgalci Kalkanı,Escudo do Invasor
ARTIFACT_NAME_Artifact6,Elixir of Eden ,,ShadowCloneSkillLevel,Elixir of Eden,伊甸靈藥,伊甸灵丹,エデンの霊薬,에덴의 영약,Edens eliksir,Elixer van Eden,Élixir d'Éden,Elixier von Eden,Elisir dell'Eden,Edens eliksir,Эдемский эликсир,Elixir del Edén,Edens elixir,Cennet İksiri,Elixir do Éden
ARTIFACT_NAME_Artifact7,Parchment of Foresight ,,CritBoostSkillLevel,Parchment of Foresight,遠見文稿,预知羊皮纸,予見の羊皮紙,선견의 양피지,Fremsynets pergament,Perkament van de vooruitblik,Parchemin de prescience,Pergament der Voraussicht,Pergamena della previsione,Fremsynets pergament,Пергамент предвидения,Pergamino de adivinación,Siarpergament,Öngörü Parşömeni,Pergaminho da Previsão
ARTIFACT_NAME_Artifact8,Hunter's Ointment ,,HelperBoostSkillLevel,Hunter's Ointment,獵人油膏,猎人药膏,狩人の軟膏,사냥꾼의 연고,Jægers salve,Jagersolie,Onguent du chasseur,Jägersalbe,Unguento del cacciatore,Jegersalve,Мазь охотника,Ungüento de cazador,Jägarsalva,Avcının Merhemi,Unção do Caçador
ARTIFACT_NAME_Artifact9,Laborer's Pendant,,HandOfMidasSkillLevel,Laborer's Pendant,勞動者吊飾,劳动者吊坠,労働者のペンダント,노동자의 펜던트,Arbejders vedhæng,Werkmanshanger,Pendentif du travailleur,Arbeiteranhänger,Pendente del lavoratore,Arbeiderens anheng,Кулон труженика,Colgante de jornalero,Arbetaramulett,İşçinin Kolyesi,Pendente do Trabalhador
ARTIFACT_NAME_Artifact10,Bringer of Ragnarok ,,TapBoostSkillLevel,Bringer of Ragnarok,諸神黃昏執行者,诸神黄昏使者,ラグナロクをもたらすもの,종말의 인도자,Budbringer af Ragnarok,Brenger van Ragnarok,Héraut du Ragnarok,Ragnarök-Bringer,Portatore di Ragnarok,Ragnarokbringeren,Предвестник Рагнарека,Sentencia de Ragnarok,Ragnaröks bärare,Ragnarok Koparan,Mensageiro de Ragnarok
ARTIFACT_NAME_Artifact11,Titan's Mask,,BurstDamageSkillLevel,Titan's Mask,巨人面具,巨人面具,タイタンの仮面,타이탄의 마스크,Titanmaske,Masker van de Titaan,Masque du Titan,Titanenmaske,Maschera del titano,Titanmaske,Маска титана,Máscara de titán,Titanmask,Titan Maskesi,Máscara de Titã
ARTIFACT_NAME_Artifact12,Swamp Gauntlet,,ShadowCloneSkillDuration,Swamp Gauntlet,沼澤臂鎧,沼泽手套,スワンプガントレット,수렁 건틀렛,Sumphandsker,Moerashandschoen,Gantelets des marais,Sumpfhandschuh,Guanto della palude,Sumphanske,Болотная перчатка,Guantelete de la ciénaga,Träskhandske,Bataklık Eldiveni,Manoplas do Pântano
ARTIFACT_NAME_Artifact13,Forbidden Scroll,,CritBoostSkillDuration,Forbidden Scroll,禁忌卷軸,禁忌卷轴,禁じられた巻物,금단의 두루마리,Forbudt skriftrulle,Verboden perkamentrol,Parchemin interdit,Verbotene Rolle,Pergamena proibita,Forbuden rull,Запретный свиток,Pergamino prohibido,Förbjuden skrift,Yasak Parşömen,Pergaminho Proibido
ARTIFACT_NAME_Artifact14,Aegis ,,HelperBoostSkillDuration,Aegis,神盾,神盾,イージス,아이기스,Ægide,Aegis,Égide,Ägis,Giuramento,Aegis,Эгида,Égida,Aigis,Himaye,Égide
ARTIFACT_NAME_Artifact15,Ring of Fealty,,HandOfMidasSkillDuration,Ring of Fealty,忠誠之戒,效忠指环,忠義の指輪,충성의 반지,Troskabens ring,Ring van trouw,Anneau de féodalité,Ring der Treue,Anello della fedeltà,Troskapens ring,Кольцо вассала,Anillo de fidelidad,Trohetsring,Bağlılık Yüzüğü,Anel da Fidelidade
ARTIFACT_NAME_Artifact16,Glacial Axe,,TapBoostSkillDuration,Glacial Axe,冰河之斧,冰川之斧,氷河の斧,빙하 도끼,Glacial økse,IJselijke bijl,Hache glaciale,Gletscheraxt,Ascia glaciale,Isøks,Кристаллический топор,Hacha glacial,Glaciäryxa,Buzlu Balta,Machado Glacial
ARTIFACT_NAME_Artifact17,Hero's Blade,,HelmetBoost,Hero's Blade,英雄之刃,英雄之刃,ヒーローブレード,영웅의 검,Heltens klinge,Heldenzwaard,Lame du héros,Heldenklinge,Lama dell'eroe,Helteklinge,Меч героя,Espada heroica,Hjälteklinga,Kahramanın Kılıcı,Lâmina do Herói
ARTIFACT_NAME_Artifact18,Egg of Fortune ,,ChestChance,Egg of Fortune,幸運蛋,幸运之卵,幸運の卵,행운의 달걀,Lykkebringende æg,Ei van fortuin,Œuf de chance,Ei des Schicksals,Uovo della fortuna,Lykkeegg,Яйцо удачи,Huevo de la fortuna,Turägg,Talih Yumurtası,Ovo da Fortuna
ARTIFACT_NAME_Artifact19,Chest of Contentment,,ChestAmount,Chest of Contentment,滿足寶箱,满足宝箱,充足の宝箱,풍요의 상자,Tilfredshedens kiste,Kist van tevredenheid,Coffre de satisfaction,Truhe der Zufriedenheit,Forziere della soddisfazione,Tilfredshetens kiste,Сундук блаженства,Cofre de la alegría,Belåtenhetens kista,Refah Sandığı,Baú do Contentamento
ARTIFACT_NAME_Artifact20,Book of Prophecy ,,GoldAll,Book of Prophecy,預言之書,预言之书,預言の書,예언서,Profetiens bog,Boek der voorspellingen,Livre des prophéties,Buch der Prophezeiung,Libro della profezia,Profetiens bok,Книга пророчества,Libro profético,Profetians bok,Kehanet Kitabı,Livro da Profecia
ARTIFACT_NAME_Artifact21,Divine Chalice,,Goldx10Chance,Divine Chalice,神聖酒杯,圣杯,神聖なる杯,신성한 성배,Guddommeligt bæger,Goddelijke beker,Calice divin,Göttlicher Kelch,Calice divino,Guddommelig pokal,Божественная чаша,Cáliz divino,Gudomlig bägare,İlahi Kadeh,Cálice Divino
ARTIFACT_NAME_Artifact22,Book of Shadows ,,PrestigeRelic,Book of Shadows,闇影之書,暗影之书,影の書,그림자의 책,Skyggernes bog,Boek der schaduwen,Livre des ombres,Buch der Schatten,Libro delle ombre,Skyggenes bok,Книга теней,Libro de las sombras,Skuggbok,Gölgeler Kitabı,Livro das Sombras
ARTIFACT_NAME_Artifact23,Helmet of Madness,,ArmorBoost,Helmet of Madness,瘋狂頭盔,疯狂头盔,狂気の兜,광기의 헬멧,Galskabens hjelm,Helm der dwaasheid,Casque de la folie,Helm des Irrsinns,Elmo della follia,Galskapens hjelm,Шлем безумия,Casco demencial,Vansinneshjälm,Çılgınlık Kaskı,Capacete da Loucura
ARTIFACT_NAME_Artifact24,Staff of Radiance,,HelperUpgradeCost,Staff of Radiance,光芒之杖,光辉之杖,光輝の杖,광휘의 지팡이,Strålestav,Staf der schittering,Bâton resplendissant,Stab des Leuchtens,Bordone radioso,Strålestav,Сиятельный посох,Báculo radiante,Strålglansens stav,Aydınlık Asası,Bastão da Luminosidade
ARTIFACT_NAME_Artifact25,Lethe Water,,SwordBoost,Lethe Water,遺忘之水,忘川之水,忘却の水,레테 강물,Vand fra Lethe,Water der vergetelheid,Eau du Léthé,Lethe-Wasser,Acqua del Lete,Glemselens vann,Вода из Леты,Agua de Lete,Lethevatten,Lethe Suyu,Água do Lete
ARTIFACT_NAME_Artifact26,Heavenly Sword,,ArtifactDamage,Heavenly Sword,天劍,天堂之剑,天国の剣,천상의 검,Himmelsk sværd,Hemels zwaard,Épée céleste,Himmelsschwert,Spada paradisiaca,Himmelsk sverd,Небесный меч,Espada celestial,Himmelskt svärd,Cennet Kılıcı,Espada do Paraíso
ARTIFACT_NAME_Artifact27,Glove of Kuma ,,AuraBoost,Glove of Kuma,熊掌手套,大熊手套,クマの手袋,쿠마의 장갑,Kumas handske,Handschoen van Kuma,Gant de Kuma,Handschuh von Kuma,Guanto di Kuma,Kumas hanske,Перчатка Кумы,Guante de Kuma,Kumas handske,Kuma Eldiveni,Luva de Kuma
ARTIFACT_NAME_Artifact28,Amethyst Staff ,,SlashBoost,Amethyst Staff,紫晶之杖,紫晶之杖,アメジストの杖,자수정 지팡이,Ametyststav,Amethiststaf,Bâton d'améthyste,Amethystenstab,Bastone di ametista,Ametyststav,Аметистовый посох,Báculo de amatistas,Ametiststav,Ametist Asası,Bastão de Ametista
ARTIFACT_NAME_Artifact29,Drunken Hammer,,TapDamage,Drunken Hammer,巨人之錘,醉酒之锤,酔いどれハンマー,주정뱅이 망치,Fuldskabshammer,Dronken hamer,Marteau de l'ivrogne,Trinkhammer,Martello dell'ubriaco,Fordrukken hammer,Молот пьяницы,Martillo ebrio,Berusningens hammare,Sarhoş Balta,Martelo Bêbado
ARTIFACT_NAME_Artifact30,Brew of Absorption,,BossRelic,Brew of Absorption,吸收藥水,吸收之酒,吸収の調合物,흡수의 담금주,Absorberingsbryg,Brouwsel der absorptie,Potion d'absorption,Absorptionsbräu,Miscela dell'assorbimento,Absorberingsbrygg,Варево поглощения,Brebaje de drenaje,Införlivningsbrygd,Enerji Mayası,Infusão da Absorção
ARTIFACT_NAME_Artifact31,Divine Retribution,,AllDamage,Divine Retribution,神之制裁,神圣报应,神罰の剣,신성한 징벌,Guddommelig gengældelse,Goddelijke vergelding,Rétribution divine,Göttliche Rache,Vendetta divina,Guddommelig gjengjeldelse,Божественное возмездие,Castigo divino,Gudomlig vedergällning,İlahi Öç,Retribuição Divina
ARTIFACT_NAME_Artifact32,Fruit of Eden ,,"MeleeHelperDamage,",Fruit of Eden,伊甸之果,伊甸之果,エデンの果実,에덴의 과실,Edens frugt,Vrucht van Eden,Fruit de l'Éden,Frucht von Eden,Frutto dell'Eden,Edens frukt,Эдемский фрукт,Fruto del Edén,Edens frukt,Cennet Meyvesi,Fruta do Éden
ARTIFACT_NAME_Artifact33,The Sword of Storms ,,"RangedHelperDamage,",The Sword of Storms,風暴之劍,风暴之剑,嵐の剣,폭풍의 검,Stormenes sværd,Het zwaard der stormen,Épée des tempêtes,Das Schwert der Stürme,La Spada delle tempeste,Stormenes sverd,Меч бурь,Espada de la tormenta,Stormsvärdet,Fırtına Kılıcı,A Espada das Tempestades
ARTIFACT_NAME_Artifact34,Charm of the Ancient ,,"MagicHelperDamage,",Charm of the Ancient,遠古護身符,古代护身符,古代の魔除け,고대의 부적,Det ældgamles vedhæng,Amulet van de ouden,Charme des Anciens,Amulett der Alten,Amuleto dell'antico,Antikt armbånd,Древний талисман,Amuleto del Antiguo,Urtidens amulett,Kadim Efsun,Talismã dos Antigos
ARTIFACT_NAME_Artifact35,Blade of Damocles ,,"AllHelperDamage,",Blade of Damocles,達摩克勒斯之刃,达摩克利斯之剑,ダモクレスの刃,다모클레스의 검,Damoklessværd,Zwaard van Damocles,Lame de Damoclès,Klinge des Damokles,Spada di Damocle,Damokles' klinge,Дамоклов клинок,Espada de Damocles,Damokles klinga,Demokles'in Kılıcı,Lâmina de Damocles
ARTIFACT_NAME_Artifact36,Infinity Pendulum  ,,BurstDamageSkillMana,Infinity Pendulum,無限擺錘,无限摆锤,無限の振り子,무한의 추,Uendelighedspendul,Oneindigheidsslinger,Pendule de l'Infini,Unendlichkeitspendel,Pendolo dell'infinito,Uendelighetspendel,Маятник бесконечности,Péndulo infinito,Evighetspendel,Sonsuzluk Sarkacı,Pêndulo Infinito
ARTIFACT_NAME_Artifact37,Oak Staff,,MonsterHP,Oak Staff,橡木杖,橡木杖,樫の杖,오크나무 지팡이,Egestav,Eikenstaf,Bâton de chêne,Eichenstab,Bastone di quercia,Eikestav,Дубовый посох,Báculo de roble,Ekstav,Meşe Asa,Bastão de Carvalho
ARTIFACT_NAME_Artifact38,Furies Bow,,PetDamage,Furies Bow,復仇女神之弓,复仇女神之弓,憤怒の弓,퓨리 자매의 활,Raseribue,Furieboog,Arc des Furies,Furienbogen,Arco delle Furie,Vredens bue,Лук фурий,Arco de las furias,Vredesbåge,Furies Yayı,Arco da Fúria
ARTIFACT_NAME_Artifact39,Titan Spear ,,,Titan Spear,沉醉長矛,巨人之矛,酔いどれスピアー,타이탄 창,Titanspyd,Titanenspeer,Lance de titan,Titanenspeer,Lancia del titano,Fordrukkent spyd,Копье титана,Lanza del titán,Titanspjut,Titan Mızrağı,Lança de Titã
Aura_Bats,Bat Cave,,,Bat Cave,蝙蝠洞,蝙蝠洞,コウモリの群れ,박쥐 동굴,Flagermushule,Vleermuisgrot,Grotte aux chauves-souris,Fledermaushöhle,Caverna dei pipistrelli,Flaggermushule,Летучие мыши,Murciélagos,Fladdermusgrotta,Yarasa Mağarası,Batcaverna
Aura_Bird,Birds,,,Birds,鳥,鸟,バード,새,Fugle,Vogels,Oiseaux,Vögel,Uccelli,Fugler,Птички,Pájaros,Fåglar,Kuşlar,Pássaros
Aura_BlackEnergy,Black Energy,,,Dark Energy,黑暗能量,黑暗能量,ダークエネルギー,어둠의 에너지,Mørk energi,Donkere energie,Énergie noire,Dunkelenergie,Energia oscura,Mørk energi,Темная энергия,Energía oscura,Mörk energi,Karanlık Enerji,Energia Sombria
Aura_Bones,Smells Fishy,,,Smells Fishy,魚腥味,可疑鱼味,おさかな天国,생선 비린내,Lugter af fusk,Verdacht luchtje,Anguille sous roche,Zweifelhaft,Odore di marcio,Lukter fisk,Рыбный день,Espinas de pescado,Luktar fisk,Bit Yeniği,Cheiro de Peixe
Aura_Bugs,Butterfly Effect,,,Butterfly Effect,蝴蝶效應,蝴蝶效应,バタフライエフェクト,나비 효과,Sommerfugleeffekt,Vlindereffect,Effet papillon,Schmetterlingseffekt,Effetto farfalla,Ringvirkninger,Эффект бабочки,Efecto mariposa,Fjärilseffekten,Kelebek Etkisi,Efeito Borboleta
Aura_Cards,Magic Illusion,,,Magic Illusion,魔法幻象,魔法幻觉,マジックイリュージョン,마술 환영,Magisk illusion,Magische illusie,Illusion magique,Magische Illusion,Illusione magica,Magisk illusjon,Магия иллюзий,Ilusionismo,Magisk illusion,Büyü İllüzyonu,Ilusão Mágica
Aura_Colors,Colour Pop,,,Colour Pop,色彩爆炸,彩色光环,カラフルポップ,화려한 색,Farvestråle,Kleurenpracht,Explosion de couleurs,Farbenpracht,Scoppio colorato,Fargeklatt,Конфетти,Arcoíris,Klara färger,Renk Patlaması,Estouro Colorido
Aura_Diamonds,Diamond Ring,,,Diamond Ring,鑽石戒指,钻石指环,ダイアモンドリング,다이아몬드 고리,Diamantring,Diamanten ring,Rivière de diamants,Diamantring,Anello di diamanti,Diamantring,Кольцо из алмазов,Anillo de diamantes,Diamantring,Elmas Yüzük,Anel de Diamante
Aura_Embers,Falling Ember,,,Falling Ember,掉落灰燼,消逝的余烬,火花,떨어지는 불씨,Faldende gløder,Vallend kooltje,Braises volantes,Aschefall,Braci al vento,Fallende glør,Падающие угольки,Lluvia de brasas,Fallande glöd,Düşen Kor,Chovendo Brasa
Aura_Fire,Flame Thrower ,,,Flame Thrower,火焰投擲者,火焰喷射器,火炎放射,화염 방출,Flammekaster,Vlammenwerper,Lance-flammes,Flammenwerfer,Lanciafiamme,Flammekaster,Огнемет,Lanzallamas,Eldkastare,Alev Silahı,Lança-chamas
Aura_GroundLightning,Lightning Charger,,,Lightning Charge,雷電進擊,闪电冲刺,イナズマチャージ,번개 충전,Lynangreb,Bliksemlading,Charge foudroyante,Blitzladung,Carica fulminea,Lynangrep,Заряд молнии,Carga eléctrica,Blixtladdning,Yıldırım Hücumu,Recarga de Raio
Aura_Ice,Frost Bite ,,,Frost Bite,寒霜凍傷,冰霜之咬,フロストバイト,얼음덩이,Forfrysning,Bevriezing,Froid mordant,Frostbiss,Morso di gelo,Frostbitt,Кусачий мороз,Congelación,Köldskada,Soğuk Isırması,Queimadura de Frio
Aura_Leaves,Leaf Shield,,,Leaf Shield,葉片護盾,树叶之盾,木の葉のシールド,나뭇잎 방패,Bladskjold,Bladerschild,Bouclier de feuilles,Blattschild,Scudo di foglie,Løvskjold,Щит из листьев,Escudo vegetal,Lövsköld,Yaprak Kalkanı,Escudo de Folha
Aura_Lightning,Magnetic Power,,,Magnetic Power,磁力,磁力,マグネットパワー,자기력,Magnetisk kraft,Magnetische kracht,Pouvoir magnétique,Magnetkraft,Potere magnetico,Magnetisk kraft,Сила магнетизма,Poder magnético,Magnetisk kraft,Manyetik Güç,Poder Magnético
Aura_Orbs,Space Orbs,,,Space Orbs,太空球,太空球,スペースボール,우주 구체,Rumsfærer,Ruimtebollen,Orbes spatiaux,Raumsphären,Sfere spaziali,Romkuler,Космические сферы,Orbes espaciales,Rymdklot,Uzay Küreleri,Esferas Espaciais
Aura_Star,Star Shine,,,Star Shine,星光閃耀,星耀,キラキラスター,별빛,Stjerneskær,Sterrenschijn,Radiance solaire,Sternenschein,Luce stellare,Stjerneskinn,Звездное сияние,Brillo estelar,Stjärnglans,Yıldız Işıltısı,Brilho da Estrela
Aura_Water,Whirlpool,,,Whirlpool,漩渦,漩涡,渦巻き,소용돌이,Malstrøm,Draaikolk,Tourbillon,Whirlpool,Vortice,Virvelstrøm,Водоворот,Remolino,Strömvirvel,Girdap,Redemoinho
Aura_Wind,Blue Wind,,,Blue Wind,藍風,蓝风,ブルーウィンド,푸른 바람,Blå vind,Blauwe wind,Vent bleu,Blauer Wind,Vento azzurro,Blå vind,Голубой ветер,Viento azulado,Blå vind,Mavi Yel,Vento Azul
Aura_Dizzy,Dizzy,,,Dizzy,暈眩,晕眩,ぴよぴよ,현기증,Svimmel,Duizelig,Vertige,Taumeln,Stordimento,Ør,Головокружение,Mareo estrellado,Yra,Sersem,Tontos
Aura_Sparks,Sparks,,,Sparks,火花,火花,スパーク,스파크,Gnister,Vonken,Étincelles,Funken,Scintille,Gnist,Искры,Chispas,Gnistor,Parıltılar,Centelhas
Hat_Alien,Alien Helmet,,,Alien Helmet,外星人頭盔,外星头盔,エイリアン,외계인 헬멧,Rumhjelm,Buitenaardse helm,Casque extraterrestre,Alienhelm,Elmo alieno,Romhjelm,Шлем пришельца,Casco alienígena,Utomjordingsmask,Uzaylı Kaskı,Capacete Alienígena
Hat_Bag,Hat of Mystery,,,Hat of Mystery,神秘帽,神秘之帽,ミステリーハット,신비한 모자,Trolddomshat,Hoed van het mysterie,Chapeau du mystère,Hut der Geheimnisse,Cappello misterioso,Mystisk hatt,Шляпа анонима,Sombrero misterioso,Mysteriehatt,Gizem Şapkası,Chapéu do Mistério
Hat_BatGrey,Dark Knight ,,,Dark Knight,黑暗騎士,黑暗骑士,ダークナイト,다크 나이트,Mørk ridder,Zwarte ridder,Chevalier noir,Dunkler Ritter,Cavaliere oscuro,Mørkets ridder,Темный рыцарь,Caballero oscuro,Mörkerriddare,Karanlık Şövalye,Cavaleiro Sombrio
Hat_BatRed,Crimson Knight,,,Crimson Knight,深紅騎士,赤红骑士,クリムゾンナイト,크림슨 나이트,Højrød ridder,Rode ridder,Chevalier pourpre,Roter Ritter,Cavaliere cremisi,Rød ridder,Алый рыцарь,Caballero carmesí,Blodröd riddare,Kızıl Şövalye,Cavaleiro Púrpura
Hat_Cap,Everyday Cap ,,,Everyday Cap,日常帽,日常帽,ふつうのキャップ,평범한 모자,Hverdagskasket,Dagelijkse pet,Casquette commune,Tagesgrenze,Cappello comune,Hverdagslue,Повседневная кепка,Gorra ordinaria,Vardagskeps,Günlük Kep,Boné Cotidiano
Hat_Cat,Feline Helmet,,,Feline Helmet,貓科頭盔,猫咪头盔,ねこみみヘルメット,고양이 헬멧,Kattehjelm,Katachtige helm,Casque félin,Katzenhelm,Elmo felino,Kattehjelm,Кошачий шлем,Casco felino,Katthjälm,Kedi Kaskı,Capacete Felino
Hat_Chicken,Chicken Beanie,,,Chicken Beanie,小雞毛帽,鸡仔便帽,チキンビーニー,치킨 비니,Kyllingehue,Kippenpoppetje,Bonnet poulet,Hühnerhaube,Cuffietta da gallina,Kyllinglue,Плюшевый цыпленок,Gorro de pollo,Kycklingmössa,Tavuk Beresi,Gorro de Galinha
Hat_Football,Football Head,,,Football Head,美式足球頭,橄榄球头,フットボール頭,럭비공 머리,Fodboldhoved,Footballhoofd,Tête ballon US,Football-Kopf,Testa di football,Fotballhatt,Мяч для регби,Fútbol americano,Fotbollshuvud,Futbol Başlığı,Cabeça de Futebol Americano
Hat_HelmDevil,Devil Helmet,,,Devil Helmet,惡魔頭盔,魔鬼头盔,デビルヘルメット,악마 헬멧,Djævlehjelm,Duivelshelm,Casque de diable,Teufelshelm,Elmo del diavolo,Djevelhjelm,Шлем беса,Casco diabólico,Djävulshjälm,Şeytan Kaskı,Capacete do Diabo
Hat_HelmHorned,Horned Helmet,,,Horned Helmet,帶角頭盔,有角头盔,角つき兜,뿔 달린 헬멧,Hjelm med horn,Gehoornde helm,Casque cornu,Hörnerhelm,Elmo cornuto,Hjelm med horn,Рогатый шлем,Casco cornudo,Hornhjälm,Boynuzlu Kask,Capacete com Chifres
Hat_HelmTall,Magnificent Helmet,,,Magnificent Helmet,華麗頭盔,华丽头盔,偉人の兜,웅대한 헬멧,Storslået hjelm,Luisterrijke helm,Casque magnifique,Prachthelm,Elmo magnifico,Storslagen hjelm,Величественный шлем,Casco majestuoso,Magnifik hjälm,Muhteşem Kask,Capacete Magnífico
Hat_HelmWhite,White Warrior Helmet,,,White Warrior Helmet,白色戰士頭盔,白战士头盔,白戦士の兜,백색 전사 헬멧,Hvid krigers hjelm,Witte strijdershelm,Casque de guerrier blanc,Weißkriegerhelm,Elmo del guerriero bianco,Hvit krigerhjelm,Шлем белого воина,Casco de guerrero blanco,Vit krigarhjälm,Beyaz Savaşçı Kaskı,Capacete do Guerreiro Branco
Hat_Ice,Ice Walker Helmet,,,Ice Walker Helmet,冰行者頭盔,冰上行者头盔,アイスウォーカーの兜,극지 방랑자 헬멧,Isgængerhjelm,IJslopershelm,Casque de marcheur des glaces,Eiswandlerhelm,Elmo del viaggiatore dei ghiacci,Isvandrerhjelm,Шлем бредущего по льду,Casco de hielo,Ishjälm,Buzda Yürüyen Kaskı,Capacete do Caminhante de Gelo
Hat_Indie,Fedora,,,Fedora,軟呢帽,软呢帽,フェドーラ帽,중절모,Filthat,Zachte gleufhoed,Chapeau en feutre,Fedora,Fedora,Fedora,Фетровая шляпа,Sombrero de fieltro,Fedora,Fedora,Chapéu Fedora
Hat_Ironman,Ironguy Helmet ,,,Ironguy Helmet,鋼鐵人頭盔,钢铁侠头盔,アイアンマンヘルメット,아이언맨 헬멧,Jernmandshat,IJzerventhelm,Casque d'Iron Guy,Ironman-Helm,Elmo dell'uomo di ferro,Ironman-hjelm,Шлем железного человека,Casco de Iron Guy,Järnhjässa,Demir Adam Kaskı,Capacete do Homem de Ferro
Hat_KickAss,Castle Guard Mask,,,Castle Guard Mask,城堡守衛面具,城堡守卫面具,衛兵の兜,성 경비병 면갑,Slotsvagtsmaske,Kasteelbewakersmasker,Masque de garde du château,Burgwächter-Maske,Elmetto da guardia del castello,Slottsvaktmaske,Маска стражника,Casco medieval,Slottsvaktmask,Kale Muhafızı Maskesi,Máscara do Guarda do Castelo
Hat_Kid,Whiz Kid's Cap,,,Whiz Kid's Cap,兒童聰明帽,聪明帽,タケコプター帽,신동의 모자,Kloge børns kasket,Nerdpet,Casquette d'intello,Tüftlerkappe,Cappello da genietto,Jyplinglue,Шапка вундеркинда,Gorra de empollón,Underbarnskeps,Deha Kepi,Boné do Garoto Prodígio
Hat_Kitty,Softy Kitty Hood ,,,Softy Kitty Hood,柔軟貓咪頭罩,软猫咪兜帽,もふもふフード,부드러운 고양이 후드,Blød kattehat,Zachte poezenhoedje,Cagoule de chaton,Katzenweich-Haube,Cappuccio da gattino,Myk kattehette,Мягкий капюшон с ушками,Capucha de gatito,Kisseluva,Yumuşak Kedi Kukuletası,Capuz da Gatinha Fofinha
Hat_Link,Phrygian Cap,,,Phrygian Cap,佛里幾亞帽,弗里吉亚帽,フリギア帽,프리지아 모자,Frygisk kasket,Frygische muts,Bonnet phrygien,Phrygische Kappe,Berretto frigio,Frygisk lue,Фригийский колпак,Gorro frigio,Frygisk huvudbonad,Frigli Kepi,Boné Frígio
Hat_Mega,Megaguy Helmet ,,,Megaguy Helmet,洛克人頭盔,洛克人头盔,ロックマンヘルメット,메가맨 헬멧,Megaman-hjelm,Megaknulhelm,Casque de Mega Guy,Megaman-Helm,Elmo del megauomo,Megaman-hjelm,Шлем мегамена,Casco de Mega Guy,Megahjälm,Mega Adam Kaskı,Capacete do Megaman
Hat_Music,Boom Box Head,,,Boom Box Head,隨身音響頭,广播录音机头,ラジカセヘッド,라디오 박스 머리,Boom box-hoved,Boomboxhoofd,Radio casse-tête,Ghettoblaster-Kopf,Testa stereofonica,Stereohode,Радио,Radiocasete,Bergssprängarhuvud,Müzik Başlığı,Cabeça Boom Box
Hat_Ninja,Ninja Mask,,,Ninja Mask,忍者面具,忍者面具,ニンジャマスク,닌자 마스크,Ninjamaske,Ninjamasker,Masque de ninja,Ninja-Maske,Maschera del ninja,Ninjamaske,Маска ниндзя,Máscara de ninja,Ninjamask,Ninja Maskesi,Máscara Ninja
Hat_Pineapple,Pineapple Head,,,Pineapple Head,鳳梨頭,菠萝头,パイナップル,파인애플 머리,Ananashoved,Ananashoofd,Tête d'ananas,Ananas-Kopf,Testa d'ananas,Ananashode,Ананас,Piña,Ananashuvud,Ananas Başlığı,Cabeça de Abacaxi
Hat_Poo,Poop Head,,,Poop Head,便便頭,大便头,巻きXX,응가 머리,Tossehoved,Poephoofd,Tête d'étron,Pups-Kopf,Testa di cacca,Møkkahue,Кучка,Caca,Bajshuvud,Kaka Başlığı,Cabeça de Coco
Hat_PowerRanger,Silver Mask,,,Silver Mask,金剛戰士,恐龙战队,パワーレンジャー,파워 레인저,Power Ranger,Powerteam,Power Team,Power Ranger,Squadra del potere,Power Ranger,Могучий рейнджер,Power Team,Hjältemask,Power Ranger,Power Ranger
Hat_Robot,Cyclops Mask,,,Cyclops Mask,獨眼巨人面具,独眼巨人面具,サイクロプス,사이클롭스 마스크,Kyklopmaske,Cyclopenmasker,Masque de cyclope,Zyklopenmaske,Maschera ciclopica,Kyklopmaske,Маска циклопа,Máscara de cíclope,Cyklopmask,Tepegöz Maskesi,Máscara de Ciclope
Hat_Soccer,Soccer Head,,,Soccer Head,足球頭,足球头,サッカーボール,축구공 머리,Fodboldhoved,Voetbalhoofd,Tête de ballon,Fußball-Kopf,Pallone da testa,Fotballhode,Футбольный мяч,Fútbol,Fotbollshuvud,Futbolcu Başlığı,Cabeça de Futebol
Hat_Top,Top Hat,,,Top Hat,大禮帽,礼帽,シルクハット,실크 모자,Høj hat,Hoge hoed,Haut-de-forme,Zylinder,Cilindro,Flosshatt,Цилиндр,Sombrero de copa,Hög hatt,Silindir Şapka,Cartola
Hat_Transformer,Optimus Helmet ,,,Optimus Helmet,柯博文頭盔,擎天柱头盔,オプティマスプライム,옵티무스 헬멧,Optimus-hjelm,Robothelm,Casque de robot,Optimus-Helm,Elmo robotico,Optimushjelm,Шлем робота,Casco de robot,Robothjälm,Optimus Kaskı,Capacete do Optimus
Hat_Tribal,Tribal Helmet,,,Tribal Helmet,部落頭盔,部落头盔,トライバル,부족 헬멧,Stammehjelm,Stamhelm,Casque tribal,Stammes-Helm,Elmo tribale,Stammehjelm,Шлем туземца,Casco tribal,Stamhjälm,Kabile Kaskı,Capacete Tribal
Hat_Wizard,Wizard Hat,,,Wizard Hat,巫師帽,巫师帽,魔法使い帽,마법사 모자,Troldmandshat,Tovenaarshoed,Chapeau de sorcier,Zauberhut,Cappello del mago,Trollmannshatt,Шляпа волшебника,Sombrero de mago,Trollkarlshatt,Sihirbaz Şapkası,Chapéu de Feiticeiro
Hat_Beanie,Beanie,,,Beanie,豆豆,豆豆,ビーニー帽,비니,Beanie,Beanie,calotte,Beanie,Beanie,Beanie,Beanie,Beanie,mössa,Bere,gorro
Hat_Detective,Detective Hat,,,Detective Hat,偵探帽,侦探帽,探偵ハット,형사 모자,Detective Hat,detective Hat,Detective Hat,Detective Hat,Cappello Detective,Etterforsker Hat,Детектив Hat,Sombrero detective,detektiv Hat,Dedektif Şapka,Hat Detective
Hat_Ears,Ears,,,Ears,耳朵,耳朵,耳,귀,Ører,oren,Oreilles,Ohren,Orecchie,ører,Уши,Orejas,öron,Kulaklar,Orelhas
Hat_Halo,Angel Halo,,,Angel Halo,天使之輪,天使之轮,天使ヘイロー,엔젤 헤일로,Angel Halo,Angel Halo,Ange Halo,Engel Halo,Angelo Halo,Angel Halo,Angel Halo,ángel de halo,Angel Halo,melek Halo,anjo Auréola
Hat_HeadPhones,Headphones,,,Headphones,頭戴耳機,头戴耳机,ヘッドフォン,헤드폰,Hovedtelefoner,Hoofdtelefoon,Casque audio,Kopfhörer,Cuffie,Hodetelefoner,Наушники,Auriculares,Hörlurar,Kulaklıklar,Fones de ouvido
Hat_MadHatter,Mad Hat,,,Mad Hat,瘋帽子,疯帽子,マッドハット,미친 모자,Mad Hat,Mad Hat,Mad Hat,Mad Hat,Cappello Mad,Mad Hat,Mad Hat,Mad Hat,Mad Hat,Mad Hat,Hat Mad
Hat_RedTopHat,Red Hat,,,Red Hat,紅帽,红帽,レッドハット,빨간 모자,rød hat,rode Hoed,chapeau rouge,roter Hut,cappello rosso,Rød hatt,Красная Шапка,sombrero rojo,röd hatt,Kırmızı şapka,chapéu vermelho
Hat_Ribbon,Ribbon,,,Ribbon,色帶,色带,リボン,리본,Bånd,Lint,Ruban,Band,Nastro,Bånd,лента,Cinta,Band,Kurdele,Fita
Hat_Santa,Santa,,,Santa,聖誕老人,圣诞老人,サンタ,산타,Santa,Kerstman,Père noël,Weihnachtsmann,Babbo,nisse,Санта,Papá,Santa,Santa,Santa
Hat_SmallTook,Small Toque,,,Small Toque,小沿帽,小沿帽,小さなトック,작은 토크,lille Toque,kleine Toque,Petit Toque,Kleine Toque,piccolo Toque,liten Toque,Малый Toque,Pequeño Toque,liten Toque,küçük Toque,Toque Pequeno
Hat_Took,Toque,,,Toque,TOQUE,TOQUE,トーク,챙 없는 둥글고 작은 모자,Toque,Toque,Toque,Toque,tocco,toque,макака,Gorro de cocinero,Toque,miğfer,Toque
Slash_Darkness,Casting Shadows,,,Casting Shadows,施放闇影,制造暗影,影,드리우는 그림자,Kaster skygger,Schaduwen werpen,Danse des ombres,Gussschatten,Ombre lunghe,Skyggekast,Падающие тени,Sombras,Skuggkastning,Gölge Yapımı,Lançando Sombras
Slash_Embers,Fiery Embers,,,Fiery Embers,火焰灰燼,火焰余烬,火花,이글거리는 불씨,Fyrige gløder,Vurige kooltjes,Braises ardentes,Feuerasche,Braci ardenti,Glødende glør,Пылающие угольки,Brasas incandescentes,Glödande gnistor,Yakan Korlar,Brasas em Chamas
Slash_EmbersBlue,Frosted Embers,,,Frosted Embers,冰霜灰燼,冰霜余烬,氷の破片,얼어붙은 불씨,Frosne gløder,Bevroren kooltjes,Braises givrées,Frostasche,Braci congelate,Frosne glør,Ледяные угольки,Brasas congeladas,Isgnistor,Donmuş Korlar,Brasas Congeladas
Slash_Fire,Flames,,,Flames,火焰,火焰,火炎,불꽃,Flammer,Vlammen,Flammes,Flammen,Fiamme,Flammer,Пламя,Llamas,Flammor,Alevler,Chamas
Slash_FireBlack,Crimson Flames,,,Crimson Flames,深紅火焰,赤红火焰,紅蓮火,진홍빛 불꽃,Højrøde flammer,Rode vlammen,Flammes pourpres,Rotflammen,Fiamme cremisi,Ildrøde flammer,Алое пламя,Llamas carmesíes,Blodflammor,Kızıl Alevler,Chamas Púrpuras
Slash_FireGray,Gray Flames,,,Gray Flames,灰色火焰,灰色火焰,鉛の炎,잿빛 불꽃,Grå flammer,Grijze vlammen,Flammes grises,Grauflammen,Fiamme grigie,Grå flammer,Серое пламя,Llamas grises,Grå flammor,Gri Alevler,Chamas Cinzentas
Slash_FireOrange,Summoner Flames,,,Summoner Flames,召喚者火焰,召唤者火焰,召喚士の炎,소환사 불꽃,Hidkalder flammer,Oproepersvlammen,Flammes de l'invocateur,Beschwörerflammen,Fiamme dell'evocatore,Påkallingsflammer,Пламя призывателя,Llamas de invocador,Åkallarflammor,Büyücü Alevleri,Chamas do Invocador
Slash_Lava,Hot Lava ,,,Hot Lava,灼熱岩漿,热熔岩,溶岩,뜨거운 용암,Varm lava,Hete lava,Lave en fusion,Heiße Lava,Lava bollente,Glødende lava,Кипящая лава,Lava abrasadora,Het lava,Kızgın Lav,Lava Quente
Slash_Leaves,Fallen Leaves,,,Fallen Leaves,掉落葉片,落叶,落葉,낙엽,Faldende blade,Gevallen bladeren,Feuilles volantes,Gefallene Blätter,Foglie cadute,Falne løv,Листопад,Hojas caídas,Fallna löv,Düşen Yapraklar,Folhas Caídas
Slash_Lightning,Blue Lightning,,,Blue Lightning,藍色雷電,蓝色闪电,蒼い稲妻,푸른 번개,Blå lyn,Blauwe bliksem,Éclair bleu,Blauer Blitz,Fulmine blu,Blått lyn,Голубая молния,Relámpago azul,Blå blixt,Mavi Yıldırım,Raio Azul
Slash_Paint,Paint Streaks,,,Paint Streaks,彩繪條紋,油漆条纹,絵筆,페인트 줄무늬,Malingstreger,Verfstrepen,Coups de pinceau,Farbstreifen,Strisce di vernice,Malingstreker,Полосы краски,Pinceladas,Penseldrag,Boya İzleri,Sequência de Pintura
Slash_Petals,Sakura Petals,,,Sakura Petals,櫻花花瓣,樱花瓣,桜の花弁,벚꽃 잎,Sakurablade,Bloesemblaadjes,Pétales de cerisier,Sakurablätter,Petali di ciliegio,Sakurablader,Лепестки сакуры,Pétalos de cerezo,Körsbärsblad,Sakura Yaprakları,Pétalas Sakura
Slash_Rainbow,Rainbow Road,,,Rainbow Road,彩虹道路,彩虹路,レインボーロード,무지개 길,Regnbuevej,Regenboogweg,Route de l'arc-en-ciel,Regenbogenstraße,Strada arcobaleno,Regnbueveien,Радужный путь,Carretera arcoíris,Regnbågsvägen,Gökkuşağı Yolu,Estrada do Arco-íris
Slash_Smelly,Something Stinks ,,,Something Stinks,發臭物,臭臭的东西,悪臭,지독한 악취,Noget stinker,Stinklucht,Odeur fétide,Sehr verdächtig,Qualcosa che puzza,Det stinker,Ну и запах,Pestilencia,Nåt stinker,Kokarca,Algo Fede
Slash_Stars,Starry Path,,,Starry Path,星光小徑,星之小径,星屑,별이 빛나는 길,Sti fuld af stjerner,Sterrenpad,Chemin étoilé,Sternenweg,Percorso stellare,Veien til stjernene,Звездный путь,Sendero estrellado,Stjärnstig,Yıldızlı Yol,Caminho Estrelado
Slash_StarsBlue,Glimmering Path,,,Glimmering Path,微光小徑,微光小径,きらめき,희미한 길,Glimtende sti,Glinsterend pad,Voie scintillante,Glimmerweg,Percorso luccicante,Glittervei,Мерцающий путь,Sendero resplandeciente,Glimmerstig,Işıldayan Yol,Caminho Brilhante
Slash_Water,Tidal Waves,,,Tidal Waves,浪潮,浪潮,タイダルウェーブ,해일,Tidevandsbølge,Vloedgolven,Tsunamis,Flutwellen,Mareggiata,Tidevannsbølger,Волны прилива,Maremoto,Tidvatten,Gelgit Dalgaları,Ondas da Maré
Suit_ArmorFace,Unknown Face ,,,Unknown Face,未知面孔,未知面孔,見慣れぬ顔,가려진 얼굴,Ukendt ansigt,Onbekend gezicht,Visage inconnu,Unbekanntes Gesicht,Volto ignoto,Skjult ansikt,Незнакомец,Cara desconocida,Okänt ansikte,Yabancının Yüzü,Rosto Desconhecido
Suit_ArmorGreen,Forest Fighter ,,,Forest Fighter,森林戰士,丛林战士,森の戦士,숲의 투사,Skovkriger,Bosvechter,Combattant sylvestre,Waldkämpfer,Guerriero della foresta,Skogskriger,Воин леса,Luchador forestal,Skogskrigare,Orman Dövüşçüsü,Lutador da Floresta
Suit_ArmorHighTec,Futuristic Gladiator,,,Futuristic Gladiator,未來劍鬥士,未来角斗士,未来的グラディエーター,미래의 검투사,Futuristisk gladiator,Futuristische gladiator,Gladiateur futuriste,Zukunftsgladiator,Gladiatore futuristico,Futuristisk gladiator,Гладиатор будущего,Gladiador del futuro,Futuristisk gladiator,Geleceğin Gladyatörü,Gladiador Futurista
Suit_ArmorIce,Frosted Armor,,,Frosted Armor,冰霜盔甲,冰霜护甲,凍結の鎧,얼어붙은 갑옷,Frossen rustning,Bevroren pantser,Armure givrée,Eisrüstung,Armatura glaciale,Frossen rustning,Ледяная броня,Armadura congelada,Isrustning,Donmuş Zırh,Armadura Congelada
Suit_ArmorOrange,Sunrise Armor,,,Sunrise Armor,日升盔甲,日出护甲,旭日の鎧,노을빛 갑옷,Solopgangsrustning,Zonsopgangspantser,Armure de l'aube,Sonnenaufgangsrüstung,Armatura dell'alba,Soloppgangsrustning,Броня восхода,Armadura del amanecer,Soluppgångsrustning,Günbatımı Zırhı,Armadura do Nascente
Suit_ArmorPurple,Amethyst Armor,,,Amethyst Armor,紫晶盔甲,紫晶护甲,アメジストの鎧,자수정 갑옷,Ametystrustning,Amethistpantser,Armure d'améthyste,Amethystkrieger,Armatura d'ametista,Ametystrustning,Аметистовая броня,Armadura de amatistas,Ametistrustning,Ametist Zırh,Armadura de Ametista
Suit_ArmorRed,Crimson Warrior,,,Crimson Warrior,深紅戰士,赤红战士,クリムゾンウォリアー,진홍빛 갑옷,Højrød kriger,Rode strijder,Guerrier pourpre,Roter Krieger,Armatura cremisi,Rød rustning,Алый воин,Guerrero carmesí,Blodröd krigare,Kızıl Savaşçı,Guerreiro Púrpura
Suit_ArmorRoman,Ancient Rome,,,Ancient Rome,古羅馬,古罗马,古代ローマ,고대 로마,Oldtidens Rom,Het oude Rome,Rome antique,Antikes Rom,Antica Roma,Antikkens Roma,Древний Рим,Antigua Roma,Gamla Rom,Antik Roma,Roma Antiga
Suit_ArmorRoyal,Fit for Royals ,,,Fit for Royals,皇家服飾,皇家专属,貴人の鎧,왕족을 위한 맞춤옷,Egnet til kongelige,Geschikt voor koningen,Classe royale,Für Adlige,Reale,For kongelige,Королевский наряд,Traje de noble,Kungligt,Krallara Layık,Estilo Real
Suit_ArmorScale,Scaly Suit,,,Scaly Suit,鱗甲裝,鳞片服装,スケールアーマー,비늘 갑옷,Skællet dragt,Schubkostuum,Tenue d'écailles,Schuppenanzug,Armatura di scaglie,Skjellete antrekk,Чешуйчатый костюм,Traje de escamas,Fjälldräkt,Pullu Giysi,Roupa de Escamas
Suit_ArmorWhite,White Warrior,,,White Warrior,白色戰士,白战士,白戦士の鎧,백색 전사,Hvid kriger,Witte strijder,Guerrier blanc,Weißer Krieger,Guerriero bianco,Hvit kriger,Белый воин,Guerrero blanco,Vit krigare,Beyaz Savaşçı,Guerreiro Branco
Suit_Casual,Everyday Sweater,,,Everyday Sweater,日常毛衣,日常运动衫,ふつうのセーター,평범한 스웨터,Hverdagssweater,Dagelijkse trui,Pull commun,Gewöhnlicher Pulli,Maglione comune,Hverdagsgenser,Повседневный свитер,Jersey ordinario,Vardagströja,Günlük Süveter,Suéter Cotidiano
Suit_Chicken,Chicken Breast,,,Chicken Breast,雞胸,鸡胸,チキンスーツ,닭 가슴,Kyllingebryst,Kippenborst,Poitrine de poulet,Hühnerbrust,Petto di pollo,Kyllingbryst,Куриная грудка,Pechuga de pollo,Kycklingbröst,Tavuk Göğsü,Peito de Frango
Suit_Farmer,Farmer Overalls,,,Farmer Overalls,農夫服,农夫背带裤,農夫のオーバーオール,농부 작업복,Landmandsoveralls,Boerenoverall,Salopette de fermier,Farmeroverall,Salopette da contadino,Kjeledress,Роба фермера,Peto de granjero,Bondbyxor,Çiftçi Tulumu,Macacão de Fazendeiro
Suit_Ironman,Ironman Suit,,,Ironman Suit,鋼鐵人裝甲,钢铁侠战甲,アイアンマンスーツ,아이언맨 슈트,Jernmandsdragt,Ijzerventpak,Tenue d'Iron Guy,Ironman-Anzug,Armatura dell'uomo di ferro,Ironman-antrekk,Костюм железного человека,Traje de Iron Guy,Järndräkt,Demir Adam Giysisi,Roupa do Homem de Ferro
Suit_KungFu,Kungfu Master,,,Kungfu Master,工夫大師,功夫大师,カンフーマスター,쿵후 마스터,Kung fu-mester,Kungfumeester,Maître du kung-fu,Kungfu-Meister,Maestro di kung-fu,Kungfu-mester,Мастер кунг-фу,Maestro de kungfú,Kungfumästare,Kungfu Ustası,Mestre dos Kung-Fu
Suit_Ninja,Ninja Suit,,,Ninja Suit,忍者裝,忍者服,ニンジャスーツ,닌자 의상,Ninjadragt,Ninjapak,Tenue de ninja,Ninja-Anzug,Armatura da ninja,Ninjadrakt,Костюм ниндзя,Traje de ninja,Ninjadräkt,Ninja Giysisi,Roupa de Ninja
Suit_Robot,Cyclops Body,,,Cyclops Body,獨眼巨人身體,独眼巨人身体,サイクロプスボディ,사이클롭스 몸통,Kyklopkrop,Cyclopenlichaam,Corps de cyclope,Zyklopen-Body,Corpo ciclopico,Kyklopdrakt,Тело циклопа,Cuerpo de cíclope,Cyklopkropp,Tepegöz Bedeni,Corpo de Ciclope
Suit_Snowman,Snowman,,,Snowman,雪人,雪人,スノーマン,눈사람,Snemand,Sneeuwpop,Bonhomme de neige,Schneemann,Pupazzo di neve,Snømann,Снеговик,Muñeco de nieve,Snögubbe,Kardan Adam,Homem da Neve
Suit_Wizard,Wizard Sweater,,,Wizard Sweater,巫師毛衣,巫师运动衫,魔法使いのセーター,마법사 스웨터,Troldmandssweater,Tovenaarstrui,Pull de sorcier,Zauberer-Pulli,Maglione da mago,Trollmannsgenser,Свитер волшебника,Jersey de mago,Trollkarlströja,Sihirbaz Süveteri,Suéter do Feiticeiro
Weapon_Basic,Average Sword ,,,Average Sword,普通劍,普通的剑,ふつうの剣,평범한 검,Gennemsnitligt sværd,Gemiddeld zwaard,Épée moyenne,Normales Schwert,Spada normale,Vanlig sverd,Обычный меч,Espada cotidiana,Vanligt svärd,Sıradan Kılıç,Espada Comum
Weapon_Bat,Dark Knight Sword,,,Dark Knight Sword,黑暗騎士劍,黑暗骑士剑,ダークナイトの剣,다크 나이트 소드,Mørk ridders sværd,Zwaard van de zwarte ridder,Épée de Chevalier noir,Schwert des dunklen Ritters,Spada del cavaliere oscuro,Mørkets ridder-sverd,Меч темного рыцаря,Espada de caballero oscuro,Mörkerriddarsvärd,Karanlık Şövalye Kılıcı,Espada do Cavaleiro Sombrio
Weapon_BattleAxe,Axe of Ages,,,Axe of Ages,遠古之斧,时代之斧,古代の斧,시대의 도끼,Tidernes økse,Bijl der eeuwen,Hache des éons,Jahrhundertaxt,Ascia delle ere,Alle tiders øks,Вековой топор,Hacha mítica,Urminnes yxa,Çağların Baltası,Machado das Eras
Weapon_Beam,Lightsaber,,,Lightsaber,光劍,光剑,ライトセーバー,라이트세이버,Lyssabel,Lichtzwaard,Sabre laser,Lichtsäbel,Spada laser,Lyssabel,Световой меч,Sable láser,Ljussabel,Işın Kılıcı,Sabre de Luz
Weapon_Brute,Crimson Sword,,,Crimson Sword,深紅之劍,赤红之剑,クリムゾンソード,크림슨 소드,Højrødt sværd,Rood zwaard,Épée pourpre,Rotschwert,Spada cremisi,Ildrødt sverd,Алый клинок,Espada carmesí,Blodrött svärd,Kızıl Kılıç,Espada Púrpura
Weapon_Buster,Buster Blade,,,Buster Blade,破壞刀刃,破坏之刃,バスターブレード,버스터 블레이드,Ødelæggelsesklinge,Brekerszwaard,Buster Blade,Meisterklinge,Lama devastante,Kraftklinge,Двухметровый меч,Espada mortal,Storsvärd,Sert Kılıç,Lâmina Destruidora
Weapon_Carrot,Carrot Stick,,,Carrot Stick,胡蘿蔔棒,胡萝卜棒,ニンジン,당근 막대기,Gulerodssværd,Wortelstok,Carotte sur un bâton,Karottenstab,Grossa carota,Gulrotkjepp,Морковь,Palito de zanahoria,Morotsstav,Havuç Sopası,Palito de Cenoura
Weapon_Cleaver,Conqueror's Cleaver,,,Conqueror's Cleaver,征服者切肉刀,征服者屠刀,征服者の大ナタ,정복자의 대형 칼,Erobrers kødøkse,Hakmes van de veroveraar,Fendoir du conquérant,Erobererbeil,Mannaia del conquistatore,Erobrerens slaktekniv,Тесак завоевателя,Cuchillo de conquistador,Erövrarens hackkniv,Fatihin Satırı,Cutelo do Conquistador
Weapon_Club,Club,,,Club,棍棒,棍棒,棍棒,몽둥이,Kølle,Knots,Gourdin,Keule,Mazza,Klubbe,Дубина,Garrote,Klubba,Sopa,Clava
Weapon_Excalibur,Excalibur,,,Excalibur,石中劍,王者之剑,エクスカリバー,엑스칼리버,Excalibur,Excalibur,Excalibur,Excalibur,Excalibur,Excalibur,Экскалибур,Excalibur,Excalibur,Excalibur,Excalibur
Weapon_Fish,Fish Stick,,,Fish Stick,魚棒,鱼棒,おさかなスティック,생선 막대기,Fiskestang,Visstick,Bâtonnet de poisson,Fischstab,Bastoncino di pesce,Fiskepinne,Рыба,Varita de merluza,Fiskpinne,Balık Sopası,Palito de Peixe
Weapon_Gear,Geared Blade,,,Geared Blade,齒輪刀刃,齿刃,ギザギザブレード,톱니검,Gearet klinge,Opgetuigd zwaard,Lame à rouages,Zahnklinge,Lama a ingranaggi,Tannhjulklinge,Зубчатый клинок,Espada mecánica,Spårklinga,Dişli Kılıç,Lâmina Adaptada
Weapon_Glaive,Ancient Glaive,,,Ancient Glaive,古老大劍,古代阔剑,古代のグレイヴ,고대의 글레이브,Ældgammel glavind,Traditioneel slagzwaard,Glaive antique,Alte Gleve,Falcione antico,Antikk glavin,Древняя глефа,Archa ancestral,Urtida glaven,Antik Kılıç,Gládio Antigo
Weapon_Halberd,Onyx Halberd,,,Onyx Halberd,瑪瑙戟,缟玛瑙戟,漆黒のハルバード,오닉스 할버드,Onyx-hellebard,Onyxen hellebaard,Hallebarde d'onyx,Onyxhellebarde,Alabarda di onice,Hellebard av onyx,Ониксовая алебарда,Alabarda de ónix,Onyxhillebard,Oniks Baltalı Kargı,Alabarda de Ônix
Weapon_Hammer,Rage Hammer,,,Titansmasher,狂怒之錘,愤怒之锤,レイジハンマー,분노의 망치,Vredeshammer,Furiehamer,Marteau de rage,Wuthammer,Martello della rabbia,Rasende hammer,Молот ярости,Martillo de ira,Vredeshammare,Öfkeli Çekiç,Martelo da Fúria
Weapon_Holy,Knightfall Sword,,,Knightfall Sword,騎士殞落之劍,骑士陨落剑,ナイトフォールソード,나이트폴 소드,Ridderfaldssværd,Gevallen heldenzwaard,Épée du couchant,Ritterschwert,Spada della rovina,Ridderfallsverd,Меч падшего рыцаря,Espada del caballero caído,Riddarfallsvärd,Gece Şövalyesi Kılıcı,Espada do Cavaleiro Caído
Weapon_Katana,Reforged Katana ,,,Reforged Katana,強鑄日本刀,重铸武士刀,再鍛の刀,다시 벼린 카타나,Gensmedet katana,Dubbelgesmede katana,Katana reforgé,Erneuertes Katana,Katana riforgiata,Forsterket katana,Восстановленная катана,Catana reforjada,Omsmidd katana,Yeniden Dövülmüş Katana,Katana Reforjada
Weapon_Laser,Energy Sword,,,Energy Sword,能量之劍,能量之剑,エネルギーソード,에너지 소드,Energisværd,Energiezwaard,Épée énergétique,Energieschwert,Spada di energia,Energisverd,Энергетический меч,Espada de energía,Energisvärd,Enerji Kılıcı,Espada de Energia
Weapon_Ninja,Ninja Dagger,,,Ninja Dagger,忍者匕首,忍者匕首,ニンジャの探検,닌자 단검,Ninjadaggert,Ninjadolk,Dague de ninja,Ninjadolch,Pugnale ninja,Ninjadolk,Кинжал ниндзя,Daga de ninja,Ninjakniv,Ninja Hançeri,Adaga Ninja
Weapon_Pencil,Blue Pencil,,,Blue Pencil,藍色鉛筆,蓝色铅笔,青エンピツ,파란색 연필,Blå blyant,Blauw potlood,Crayon bleu,Blauer Bleistift,Matita blu,Blå blyant,Синий карандаш,Lápiz azul,Blå penna,Mavi Kalem,Lápis Azul
Weapon_PitchFork,Pitchfork,,,Pitchfork,釘耙,干草叉,ピッチフォーク,쇠스랑,Høtyv,Hooivork,Fourche,Heugabel,Forcone,Høygaffel,Вилы,Horquilla,Högaffel,Yaba,Forquilha
Weapon_Poison,Poisonous Spellblade ,,,Poisonous Spellblade,劇毒咒語刀,毒性魔刀,有毒のスペルブレード,독기 어린 스펠블레이드,Giftig formularklinge,Giftig spreukenzwaard,Lame mystique empoisonnée,Giftige Zauberklinge,Lama magica velenosa,Giftig klinge,Отравленный клинок чародея,Espada venenosa,Förgiftad besvärjelseklinga,Zehirli Büyülü Kılıç,Lâmina do Feitiço Venenosa
Weapon_Saw,Sharpened Saw ,,,Sharpened Saw,銳利鋸子,锋利锯子,鋭利ノコ,날카로운 톱,Slebet sav,Geslepen zaag,Scie aiguisée,Scharfe Säge,Sega affilata,Kvesset sag,Острая пила,Sierra afilada,Vässad såg,Keskin Testere,Serra Afiada
Weapon_Skull,Skull-crusher Sword,,,Skull-crusher Sword,碎頭劍,碎颅剑,頭蓋割りの剣,두개골 파쇄검,Kranieknusersværd,Schedelpletterszwaard,Épée brise-crâne,Schädelknacker-Schwert,Spada spezzacrani,Hodeknusende sverd,Крушитель черепов,Espada aplastacráneos,Skallkrossarsvärd,Kafa Ezen Kılıç,Espada Esmaga-crânios
Weapon_Spear,Swift Spear,,,Swift Spear,迅捷長矛,迅捷之矛,スウィフトスピア,날렵한 창,Hurtigt spyd,Snelle speer,Lance fulgurante,Flinker Speer,Lancia rapida,Hurtigspyd,Копье стремительности,Lanza veloz,Snabbt spjut,Hızlı Mızrak,Lança Ligeira
Weapon_Staff,Twilight Staff,,,Twilight Staff,暮光之杖,暮光之杖,たそがれの杖,황혼의 지팡이,Tusmørkestav,Schemerstaf,Bâton du crépuscule,Zwielichtstab,Bastone del crepuscolo,Skumringens stav,Сумеречный посох,Báculo del crepúsculo,Skymningsstav,Alacakaranlık Asası,Bastão Crepúsculo
Weapon_Sythe,Death Sythe,,,Death Sythe,死神鐮刀,死亡之镰,死神の鎌,죽음의 낫,Dødsle,Doodssikkel,Faux de la mort,Todessense,Falce mortale,Dødsljå,Коса смерти,Guadaña de la parca,Dödslie,Ölüm Tırpanı,Foice da Morte
Weapon_WoodAxe,Lumberjack Axe,,,Lumberjack Axe,伐木斧,伐木工之斧,木こりの斧,나무꾼 도끼,Skovhuggerøkse,Houthakkersbijl,Hache de bûcheron,Holzfälleraxt,Ascia da boscaiolo,Tømmerhoggerøks,Топор дровосека,Hacha de leñador,Skogshuggaryxa,Oduncu Baltası,Machado de Lenhador
Weapon_ZigZag,Crooked Blade,,,Crooked Blade,彎曲刀刃,扭曲之刃,湾曲刀,구부러진 검,Krum klinge,Kromzwaard,Lame courbe,Gebogene Klinge,Lama gobba,Kroket klinge,Кривой клинок,Espada torcida,Böjd klinga,Kancalı Kılıç,Lâmina Torta
PET_NAME_Pet1,Nova,,,Nova,諾瓦,星诺,ノヴァ,노바,Nova,Nova,Nova,Nova,Nova,Nova,Нова,Nova,Nova,Nova,Nova
PET_NAME_Pet2,Toto,,,Toto,多多,托托,トト,토토,Toto,Toto,Toto,Toto,Toto,Toto,Тото,Totó,Toto,Toto,Totó
PET_NAME_Pet3,Cerberus ,,,Cerberus,賽伯路斯,地狱犬,ケルベロス,케르베루스,Cerberus,Cerberus,Cerbère,Cerberus,Cerbero,Cerberus,Цербер,Cerbero,Cerberus,Kerberos,Cerberus
PET_NAME_Pet4,Mousy,,,Mousy,毛西,阿鼠,マウシー,마우지,Mousy,Mousy,Souricette,Mousy,Topina,Mousy,Мышка,Mousy,Fegis,Mousy,Mousy
PET_NAME_Pet5,Harker ,,,Harker,哈克,哈克,ハーカー,하커,Harker,Harker,Harker,Harker,Harker,Harker,Харкер,Harker,Harker,Harker,Harker
PET_NAME_Pet6,Bubbles ,,,Bubbles,巴伯斯,泡泡,バブルス,버블스,Bubbles,Bubbles,Bubulle,Bubbles,Bollicina,Bubbles,Пузырика,Burbujas,Bubblan,Bubbles,Bubbles
PET_NAME_Pet7,Demos ,,,Demos,戴摩斯,德莫斯,デモス,데모스,Demos,Demos,Daemos,Demos,Demos,Demos,Демос,Demos,Demos,Demos,Demos
PET_NAME_Pet8,Tempest,,,Tempest,坦佩斯特,风暴,テンペスト,템페스트,Tempest,Tempest,Tempête,Tempest,Tempesta,Tempest,Буря,Borrasca,Storm,Tempest,Tempest
PET_NAME_Pet9,Basky ,,,Basky,貝斯奇,巴斯奇,バスキー,바스키,Basky,Basky,Basky,Basky,Basky,Basky,Баски,Basky,Basky,Basky,Basky
PET_NAME_Pet10,Scraps ,,,Scraps,史克拉普斯,小闹,スクラップス,스크랩스,Scraps,Scraps,Limaille,Scraps,Rottame,Scraps,Металлика,Chatarra,Skrotis,Scraps,Scraps
PET_NAME_Pet11,Zero,,,Zero,席若,阿零,ゼロ,제로,Zero,Zero,Zéro,Zero,Zero,Zero,Ноль,Cero,Noll,Zero,Zero
PET_NAME_Pet12,Polly ,,,Polly,波利,波利,ポリー,폴리,Polly,Polly,Polly,Polly,Polly,Polly,Полли,Polly,Polly,Polly,Polly
PET_NAME_Pet13,Hamy ,,,Hamy,哈米,哈密,ヘイミー,하미,Hamy,Hamy,Hamy,Hamy,Hamy,Hamy,Хэми,Hamy,Hamy,Hamy,Hamy
PET_NAME_Pet14,Phobos ,,,Phobos,佛伯斯,佛波,フォボス,포보스,Phobos,Phobos,Phobos,Phobos,Phobos,Phobos,Фобос,Fobos,Phobos,Phobos,Phobos
PET_NAME_Pet15,Fluffers,,,Fluffers,弗拉佛斯,毛毛,フラッファース,플루퍼스,Fluffers,Fluffers,Toudou,Fluffy,Batuffolo,Fluffers,Пышечка,Pelusilla,Fluffen,Fluffers,Fluffy
PET_NAME_Pet16,Kit,,,Kit,基特,小凯,キット,키트,Kit,Kit,Kit,Kit,Kit,Kit,Кит,Kit,Kit,Kit,Kit
HELPERNAME_H01,Zato the Blind Staff Master ,, ,Zato the Blind Staff Master,盲眼杖師札托,盲棍大师扎托,盲目の杖使いザトー,"맹인 지팡이 대가, 자토",Zato den Blinde Stavmester,Zato de blinde stafmeester,"Zato, le maître d'armes aveugle","Zato, der blinde Stabmeister","Zato, Maestro cieco del bastone",Den blinde stavmesteren Zato,"Зато, слепой мастер посоха","Zato, el maestro ciego del Báculo","Zato, den blinda stavmästaren",Kör Asa Ustası Zato,"Zato, o Mestre Cego do Bastão"
HELPERNAME_H02,"Lance, Knight of Cobalt Steel ",,,"Lance, Knight of Cobalt Steel",深藍鋼鐵騎士藍斯,钴钢骑士兰斯,コバルト鋼の騎士ランス,"코발트 강철의 기사, 랜스",Koboltridderen Lance,"Lance, ridder van Kobaltstaal","Lance, le chevalier de Cobalt","Lance, der kobaltstählerne Ritter","Lance, Cavaliere di cobalto",Koboltridderen Lance,"Лэнс, рыцарь Кобальтовой Стали","Lance, caballero del Acero Cobalto","Lance, riddaren av blått stål",Kobalt Çeliği Şövalyesi Lance,"Lance, Cavaleiro do Aço Cobalto"
HELPERNAME_H03,"Maddie, Shadow Thief ",,,"Maddie, Shadow Thief",闇影盜賊瑪迪,影子盗贼玛迪,影の盗人マディー,"그림자 도적, 매디",Skyggetyven Maddie,"Maddie, schaduwdief","Maddie, la voleuse des ombres","Maddie, Schattendieb","Maddie, Ladra dell'ombra",Skyggetyven Maddie,"Мэдди, теневая воровка",Maddie la Ladrona de Sombras,"Maddie, skuggtjuv",Gölge Hırsız Maddie,"Maddie, Ladra das Sombras"
HELPERNAME_H04,"Kronus, Bringer of Judgement",,,"Kronus, Bringer of Judgement",審判執行者克羅努斯,审判使者克洛诺斯,審判をもたらすものクロノス,심판관 크로누스,"Kronus, Retfærdighedens Budbringer","Kronus, brenger van het oordeel","Kronus, le héraut du jugement","Kronus, Urteilsbringer","Kronus, Portatore del giudizio","Kronus, dømmeren","Кронус, вестник правосудия",Kronus el Sentenciador,"Kronus, dömaren",Adalet Getiren Kronus,"Kronus, Mensageiro do Juízo"
HELPERNAME_H05,Saje the Garden Keeper ,,,Saje the Garden Keeper,花園守護者塞吉,花园守护者萨杰,庭の番人セイジ,정원지기 세이지,Havepasseren Saje,Saje de tuinbewaker,"Saje, la sentinelle du jardin","Saje, der Gartenhüter","Saje, Guardiano del giardino",Gartneren Saje,"Сахе, хранитель сада",Saje el Jardinero,"Saje, trädgårdsmästaren",Bahçenin Muhafızı Saje,"Saje, o Jardineiro"
HELPERNAME_H06,Pingo of the Tori ,,,Pingo of the Tori,托里的平哥,托利族的平哥,トーリ族のピンゴ,토리 일족의 핑고,Pingo af Tori,Pingo van de Tori,Pingo des Tori,Pingo von den Tori,"Pingo, Membro dei Tori",Pingo av Tori-klanen,Пинго Тори,Pingo del clan Tori,Pingo av Tori,Torili Pingo,Pingo de Tori
HELPERNAME_H07,Aya the Lightning Violet ,,,Aya the Lightning Violet,雷電紫羅蘭阿亞,闪电紫罗兰阿雅,スミレ色の閃光アヤ,"보랏빛 번개, 아야",Aya den Lysende Viol,Aya het bliksemviooltje,"Aya, la violette foudroyante",Aya Blitzpurpur,"Aya, Violetta del lampo",Lynfiolen Aya,Айя Рубиновая Молния,Aya la Violeta Eléctrica,"Aya, den blixtrande violen",Mor Yıldırım Aya,"Aya, a Violeta Lampejante"
HELPERNAME_H08,Gulbrand the Destroyer ,,,Gulbrand the Destroyer,毀滅者哥爾布蘭德,毁灭者古尔布兰德,破壊者ガルブランド,파괴자 굴브랜드,Barbaren Gulbrand,Gulbrand de vernietiger,"Gulbrand, le destructeur","Gulbrand, der Zerstörer","Gulbrand, Distruttore",Gulbrand ødeleggeren,Галбрэнд Разрушитель,Gulbrand el Destructor,"Gulbrand, förintaren",Yok Edici Gulbrand,"Gulbrand, o Destruidor"
HELPERNAME_H09,Rhys Mage of Order Evetga,,,Rhys Mage of Order Evetga,伊芙特加教團法師里斯,伊维塔教团法师里斯,イヴェトガ教団の魔道士リース,"에베트가 교단의 마법사, 라이즈",Troldmanden Rhys fra Evetga-ordnenen,"Rhys, magiër van de Evetga-orde","Rhys, le mage d'Evetga","Rhys, der Magier vom Orden Evetga","Rhys, Mago dell'ordine Evetga","Rhys, Evetga-ordenens mage","Риз, маг ордена Эветга","Rhys, mago de la orden Evetga","Rhys, trollkarl av Evetgaorden",Evetga Tarikatı Büyücüsü Rhys,"Rhys, Mago da Ordem Evetga"
HELPERNAME_H10,Kiki the Dragon Rider ,,,Kiki the Dragon Rider,龍騎士琦琪,龙骑士琪琪,竜と駆けるものキキ,"용의 기수, 키키",Drageridderen Kiki,Kiki de drakenrijdster,Kiki Chevauche-dragon,"Kiki, die Drachenreiterin","Kiki, Cavalcadraghi",Dragerytteren Kiki,Кики Укротительница Драконов,Kiki la Cabalgadragones,"Kiki, drakryttaren",Ejderha Binici Kiki,"Kiki, a Amazona de Dragões"
HELPERNAME_H11,Lala Quickshot,,,Lala Quickshot,快箭拉菈,快箭手拉拉,早撃ちのララ,속사수 라라,Lala Hurtigskytte,Lala Snelschot,Lala Presteflèche,Lala Schnellschuss,"Lala, Tiro infallibile",Lala Hurtigpil,Лала Скорострел,Lala Ojobala,"Lala, snabbskytten",Hızlı Nişancı Lala,Lala Tiro-rápido
HELPERNAME_H12,Boomoh Doctor ,,,Boomoh Doctor,布莫醫生,布莫医生,癒し手ブーモー,의사 부머,Doktor Boomoh,Dokter Boomoh,Docteur Boomoh,Doktor Buhmuh,"Boomoh, Guaritore",Doktor Boomoh,Бумох Лекарь,Doctor Boomoh,"Boomoh, läkaren",Doktor Boomoh,Doutor Boomoh
HELPERNAME_H13,Wally Wat the Magician,,,Wally Wat the Magician,魔法師瓦利瓦特,魔法师瓦利瓦,魔術師ワリーワット,"마술사, 월리 와트",Magikeren Wally Wat,Wally Wat de tovenaar,"Wally Wat, le magicien",Der Magier Wally Wat,"Wally Wat, Mago",Magikeren Wally Wat,"Уолли Уот, чародей",Wally Wat el mago,"Wally Wat, magikern",Sihirbaz Wally Wat,"Wally Wat, o Mágico"
HELPERNAME_H14,Nohni the Spearit,,,Nohni the Spearit,茅魂諾尼,矛灵诺尼,槍の精霊ノーニ,"영혼의 창, 노니",Åndemageren Nohni,Nohni de speergeest,"Nohni, l'esprit de la lance","Nohni, der Speergeist","Nohni, Spirito della lancia",Spydånden Nohni,Нохни Дуух,Nohni el Espíritu Lancero,"Nohni, spjymfen",Mızrak Ruhu Nohni,"Nohni, o Espírito-Lança"
HELPERNAME_H15,Kin the Puffy Beast,,,Kin the Puffy Beast,胖怪獸金,蓬蓬兽阿金,ぽよぽよ獣キン,"통통한 야수, 킨",Kin det Uldne Bæst,Kin het zwelmonster,"Kin, le monstre-ballon","Kin, die aufgeblasene Bestie","Kin, Bestia rigonfia",Klumpbeistet Kin,"Кин, тучный зверь",Kin la bestia hinchada,"Kin, puffbesten",Pofuduk Canavar Kin,"Kin, a Criatura Fofa"
HELPERNAME_H16,"Zolom Blaster, Space Hunter ",,,"Zolom Blaster, Space Hunter",太空獵人爆破者佐羅姆,太空猎人佐龙·布拉斯特,宇宙の狩人ゾロムブラスター,"우주 사냥꾼, 조롬 블라스터",Rumjægeren Zolom Blaster,"Zolom Blaster, ruimtejager","Zolom Blaster, chasseur de l'espace","Zolom Blaster, der All-Jäger","Zolom Blaster, Cacciatore dello spazio",Romjegeren Sprenge-Zolom,"Золом Бластер, охотник из космоса","Zolom Bláster, cazador espacial","Zolom Blaster, rymdjägare",Uzay Avcısı Zolom Blaster,"Zolom Blaster, Caçador Espacial"
HELPERNAME_H17,Princess Titania of Fay,,,Princess Titania of Fay,費伊的泰坦妮亞公主,仙子公主泰坦尼娅,フェイの姫君タイタニア,페이의 티타니아 공주,Prinsesse Titania af Fay,Prinses Titania van Fay,Princesse Titania des Fées,Feenprinzessin Titania,"Titania, Principessa delle fate",Prinsesse Titania av Fay,Принцесса Титания де Фэй,Princesa Titania de Fay,Älvprinsessan Titania,Fay Prensesi Titania,Princesa Titânia de Fay
HELPERNAME_H18,Maya Muerta the Watcher ,,,Maya Muerta the Watcher,旁觀者馬雅慕爾塔,守望者玛雅·穆塔,見守るものマヤムエルタ,"파수꾼, 마야 무에르타",Vogteren Maya Muerta,Maya Muerta de wachter,"Maya Muerta, la guetteuse",Die Wächterin Maya Muerta,"Maya Muerta, Osservatrice",Maya Muerta,Хранительница Майя Муэрта,Maya Muerta la Observadora,"Maya Muerta, väktaren",Gözcü Maya Muerta,"Maya Muerta, a Observadora"
HELPERNAME_H19,Jayce the Ruthless Cutter ,,,Jayce the Ruthless Cutter,殘酷切割者傑斯,冷血屠夫杰斯,無情な切り裂き魔ジェイス,"무자비한 난도자, 제이스",Jayce den Nådesløse Dolk,Jayce de meedogenloze hakker,"Jayce, la griffe impitoyable","Jayce, der rücksichtslose Schnitzer","Jayce, Tranciatore senza posa",Jayce den hensynsløse slakteren,Джейс Живопыра,Jayce el carnicero implacable,"Jayce, den brutala uppskäraren",Acımasız Bıçakçı Jayce,"Jayce, o Cortador Incansável"
HELPERNAME_H20,"Cosette, Jewel of House Sabre ",,,"Cosette, Jewel of House Sabre",賽伯里家族的掌上明珠柯賽特,佩剑家族之宝柯赛特,サーベル家の至宝コゼット,"사브르 가문의 보석, 코세트","Cosette, Juvelen fra Huset Sabre","Cosette, juweel van huize Sabre","Cosette, le joyau de la maison Sabre","Cosette, das Juwel des Hauses Sabre","Cosette, Gioiello della casata della Sciabola","Cosette, Hus Sabres juvel","Косетта, жемчужина Дома Сабли",Cosette la Joya de la Casa de Sable,"Cosette, Sabres juvel",Kılıç Ailesinin Mücevheri Cosette,"Cosette, a Joia da Casa Sabre"
HELPERNAME_H21,"Sophia, Champion of Swords ",,,"Sophia, Champion of Swords",劍術冠軍蘇非亞，,剑之勇士索菲亚,ソード王朝の勇者ソフィア,"소드 챔피언, 소피아","Sophia, Sværdenes Mester","Sophia, kampioen der zwaarden","Sophia, la championne des Épées","Sophia, Champion der Schwerter","Sophia, Campionessa delle Spade",Sverdmesteren Sophia,"София, рыцарь Мечей",Sophia la Reina de Espadas,"Sophia, svärdens mästare",Kılıç Şampiyonu Sophia,"Sophia, Campeã das Espadas"
HELPERNAME_H22,Lil' Ursa,,,Lil' Ursa,小爾薩,小熊乌尔沙,こぐまのアーサ,"막내 곰, 우르사",Bette Ursa,Kleine Ursa,P'tite Ourse,Klein Ursa,La piccola Ursa,Lille-Ursa,Мишутка,Ursita,Lilla Ursa,Küçük Ayı,Ursa Pequena
HELPERNAME_H23,Dex-1000,,,Dex-1000,戴克斯-1000,Dex-1000,デックス1000,덱스-1000,Dex-1000,Dex-1000,Dex-1000,Dex-1000,Dex-1000,Dex-1000,Декс-1000,Dex-1000,Dex-1000,Dex-1000,Dex-1000
HELPERNAME_H24,Rosabella Bonnie Archer ,,,Rosabella Bonnie Archer,嬌美弓箭手羅莎貝拉,弓箭手罗莎贝拉·邦妮,射手ロザベラボニー,"아리따운 궁수, 로사벨라",Bueskytten Rosabella Bonnie,Rosabella Bonnie Archer,"Rosabella, la reine de l'arc",Rosabella Bonnie Archer,"Rosabella, Arciere eccellente",Rosabella Bonnie Archer,Розабелла Бонни Арчер,Arquera Rosabella Bonnie,"Rosabella Bonnie, bågskytten",Okçu Rosabella Bonnie,"Rosabella Bonnie, a Arqueira"
HELPERNAME_H25,Beany Sprout the 1st  ,,,Beany Sprout the 1st,豆苗一世,豆芽一世,ビーニースプラウトI世,비니 스프라우트 1세,Beany Sprout I,Boontje Spruit de Eerste,Fayot 1er,Bohnenkeim die Erste,"Beany Sprout, L'impareggiabile",Bønnestengel den første,Удалой Росток Первый,Brotecito I,Bönis Grodd den förste,1. Beany Sprout,Beany Sprout I
HELPERNAME_H26,Captain Davey Cannon,,,Captain Davey Cannon,戴維大砲船長,戴维·加农船长,デイヴィーキャノン船長,"선장, 데이비 캐넌",Kaptajn Davey Cannon,Kapitein Davey Cannon,Capitaine Davey Cannon,Captain Davey Cannon,Capitano Davey Cannon,Kaptein Davey Cannon,Капитан Дейви Залп,Capitán Davey el Cañón,Kapten Davey Cannon,Kaptan Davey Cannon,Capitão Davey Cannon
HELPERNAME_H27,Sawyer the Wild Gunslinger ,,,Sawyer the Wild Gunslinger,狂野槍手索伊爾,荒野枪手索耶,荒野の拳銃使いソーヤ,"황야의 총잡이, 소여",Sawyer den Vilde Pistolmand,Sawyer de wilde revolverheld,"Sawyer, le pistolero sauvage","Sawyer, der wilde Revolverheld","Sawyer, Pistolero pazzo",Villvest-Sawyer,"Сойер, дикий стрелок",Sawyer el Pistolero Salvaje,"Sawyer, den vilda gangstern",Vahşi Silahşor Sawyer,"Sawyer, o Pistoleiro Selvagem"
HELPERNAME_H28,Miki the Graceful Dancer ,,,Miki the Graceful Dancer,優雅舞者米琪,优雅舞者米琪,優雅な踊り子ミキ,"우아한 댄서, 미키",Miki den Yndefulde Danser,Miki de gracieuze danseres,"Miki, la gracieuse danseuse","Miki, die elegante Tänzerin","Miki, Ballerina aggraziata",Miki den grasiøse danseren,Мики Грация,Miki la Bailarina Grácil,"Miki, den graciösa dansaren",Zarif Dansçı Miki,"Miki, a Dançarina Graciosa"
HELPERNAME_H29,The Great Pharaoh ,,,The Great Pharaoh,大法老,大法老,大いなるファラオ,위대한 파라오,Den store farao,De grote farao,Le grand Pharaon,Der Große Pharao,Il grande Faraone,Den store Farao,Великий Фараон,El Gran Faraón,Den stora faraon,Büyük Firavun,O Grande Faraó
HELPERNAME_H30,The Great Madame Cass,,,The Great Madame Cass,偉大夫人卡絲,贵夫人卡斯,肝っ玉マダムキャス,위대한 캐스 부인,Den glorværdige Madam Cass,De fantastische Madame Cass,"Madame Cass, la fabuleuse",Großmadame Cass,La grande Madame Cass,Den store Madam Cass,Великая Мадам Кэсс,Cass la Gran Dama,Den stora madame Cass,Büyük Madam Cass,A Grande Madame Cass
HELPERNAME_H31,Jazz Rockerfellow ,,,Jazz Rockerfellow,爵士搖滾客,爵士摇滚乐手,ジャズ・ロッカーフェロー,재즈 로커펠로,Jazz Rockerfellow,Jazz Rockerfellow,Jazz-Orc,Jazz Rockerfellow,Jazz Rockerfellow,Jazz Rockerfellow,Джаз Рокерфэллоу,Jazz Rockerfellow,Jazz Rockerfellow,Caz Rockerfellow,Jazz Rockerfellow
HELPERNAME_H32,Lady Lucy the Night Caster ,,,Lady Lucy the Night Caster,暗夜咒者露西女士,暗夜术士露西女士,夜の詠唱者レディルーシー,"흑마법사, 루시 부인","Lady Lucy, Nattemageren",Lady Lucy de nachtwerpster,"Dame Lucy, la noctomancienne","Lady Lucy, die Nachtzauberin","Lady Lucy, Incantatrice notturna",Lady Lucy,"Леди Люси, заклинательница ночи",Lady Lucy la Hechicera Nocturna,"Lady Lucy, nattbesvärjaren",Gecenin Leydisi Lucy,"Lady Lucy, a Lançadora da Noite"
HELPERNAME_H33,Finn the Funny Guard ,,,Finn the Funny Guard,搞笑守衛芬恩,怪异卫兵费恩,おもしろ護衛官フィン,"괴짜 경비병, 핀",Finn den Sjove Vogter,Finn de vrolijke bewaker,"Finn, le garde cocasse","Finn, der lustige Wächter","Finn, Guardia bizzarra",Finn Fjollevakt,"Финн, забавный стражник","Finn, el guardia gracioso","Finn, den lustiga vakten",Komik Bekçi Finn,"Finn, o Guarda Engraçado"
HELPERNAME_H34,Maple the Autumn Guardian,,,Maple the Autumn Guardian,秋季守護者小楓,秋季卫士阿枫,秋の守護者メープル,"가을의 수호자, 메이플","Maple, Efterårets Vogter",Maple de herfstbewaarder,"Maple, la gardienne de l'automne",Der Herbstwächter Ahorn,"Maple, Guardiana dell'autunno",Lønn Høstvokter,Клен Осенняя Стражница,Arce la Guardiana Otoñal,"Maple, höstens väktare",Sonbahar Muhafızı Maple,"Maple, a Guardiã do Outono"
HELPERNAME_H35,Yzafa the Fearsome Bandit,,,Yzafa the Fearsome Bandit,恐怖強盜伊札法,恐怖大盗伊扎法,恐るべき盗賊イザファ,"무시무시한 강도, 이자파",Yzafa den Grusomme Bandit,Yzafa de geduchte bandiet,"Yzafa, l'effroyable brigand","Yzafa, der fürchterliche Bandit","Yzafa, Bandito terribile",Den fryktede banditten Yzafa,Йцафа Разбойник,Yzafa el Bandido Temible,"Yzafa, den skrämmande banditen",Korkusuz Harami Yzafa,"Yzafa, o Temível Bandido"
HELPERNAME_H36,Damon of the Darkness ,,,Damon of the Darkness,黑暗戴蒙,黑暗达蒙,闇生まれのデーモン,어둠의 데이먼,Damon af Mørket,Damon van de duisternis,Damon des ténèbres,Dämon der Dunkelheit,"Damon, seguace dell'oscurità",Mørke-Damon,Дэймон Тьмы,Damon el Oscuro,Damon av mörkret,Karanlık Damon,Damon da Escuridão
HELPERNAME_H37,Mina the Priestess of Light,,,Mina the Priestess of Light,光之修女米娜,光之女祭司米娜,光の神官ミーナ,"빛의 여사제, 미나","Mina, Lysets Præstinde",Mina de priesteres van het licht,"Mina, la prêtresse de la lumière","Mina, die Priesterin des Lichts","Mina, Sacerdotessa della luce",Lyspresten Mina,"Майна, жрица Света",Mina la sacerdotisa de la Luz,"Mina, ljusprästen",Aydınlığın Rahibesi Mina,"Mina, a Sacerdotisa da Luz"
